text,class
© 2025 Cable News Network. A Warner Bros. Discovery Company. All Rights Reserved.  CNN Sans ™ & © 2016 Cable News Network.,1
"Anthony Bourdain loved haggis. But even the late, great American chef, writer and television host recognized that Scotland’s national dish, with its “sinister sheep parts” wrapped in a shroud of mystery and half-invented history, could be a hard sell. 
    

            “Don’t let them tell you otherwise, that’s really one of life’s great pleasures,” Bourdain said on one of his gastro-curious pilgrimages to Glasgow. “There is no more unfairly reviled food on Earth than the haggis.”
    

            A mash-up of diced lung, liver and heart mixed with oatmeal, beef suet, onion and assorted spices, haggis was traditionally made by stuffing these raw ingredients into the stomach of a recently slain sheep and boiling the lot to a state of palatability.
    

Instagrammable is not the word that immediately comes to mind. In our 21st-century world, where “clean” eating and processed pap overlap, haggis can seem like an “Outlander”-style outlier from another age.
    

            Yet, by some alchemy, once cooked to its required “warm-reekin’ (steaming)” state, it adds up to much more than the sum of its modest parts. It’s offaly charm has kept nose-to-tail eating alive among a younger generation of Scots that has largely turned its back on the tripe, liver and kidneys their predecessors enjoyed (or endured).
    

            Carefully prepared, haggis tastes both oaty and meaty; it is dark and crumbly, a little crispy at the edges but still moist; earthy but also savory and spicy; deep-tasting and profoundly warming, the perfect foil for its traditional garnish of floury mashed potatoes and orange bashed turnip.
    

            “It’s like a cuddle for the stomach,” says Nicola Turner, a 35-year-old office administrator from Helensburgh, a town on western Scotland’s Firth of Clyde.
    

            For children of the 1960s and ’70s, like crime novelist Ian Rankin, haggis meals were a choice between the classic meat-and-two-veg plate and the battered and deep-fried, chip-shop iteration loved by both his friend Bourdain and his quintessentially Scottish detective character, Inspector John Rebus. 
    

            Now myriad other treatments have blossomed. 
    

            “I’m pretty sure the first time I dined with AB in Edinburgh we had haggis in filo pastry with a jam-style – maybe blackcurrant – sauce,” Rankin recalled. “He was a big fan of haggis and of chip shops. Rebus will have enjoyed the occasional haggis supper from his local chip shop. He was definitely a fan, as am I.”
    

            “It is all about the spicing and the texture,” says the Scottish food writer, novelist and cook Sue Lawrence, a champion of haggis’ adaptability for use in other dishes. “If you didn’t know what was in it, you wouldn’t think ‘oh that tastes of liver or whatever.’ It is all nicely chopped up and the oatmeal gives it a lovely texture. It could easily be a nice, big mince dish.”
    

Related article
These US restaurants and chefs are James Beard Award finalists


            Lawrence uses haggis as an alternative to beef and pork ragù in lasagna and in her pastilla, a version of the North African dish in which a hand-made haggis from the Isle of Mull substitutes for the traditional poultry or seafood filling. The filo pastry savory is flavored with the spice blend ras el hanout, apricots, chile, orange zest and almonds before being sprinkled with cinnamon and icing sugar.
    

            Such cultural crossovers serve as a reminder that haggis could easily be a dish with nothing specifically Scottish about it at all. Records of similar quick and portable preparations of the fast-perishing innards of sheep and other animals date back to ancient Rome and Greece.
    

            Haggis-like combinations of offal and grains are part of the culinary history of several countries. Spain has chireta, Romania drob and Sweden polsa, while chaudin, or ponce, is a rice and meat-stuffed pig stomach that is a staple of Cajun cooking.
    

            In neighboring England, recipes for “hagese,” “hagws of a schepe,” “haggas” or “haggus” pop up in recipe books published between the 15th and 17th centuries, probably preceding written records north of the border.
    

            Etymological evidence points to the term “haggis” having its roots in Old Norse, suggesting an early version of an oat-and-offal sausage might have arrived in Britain and Ireland on a Viking longboat.
    

            But ever since it was first optioned by the poet Robert Burns in the late 1700s, the haggis backstory has been monopolized by Scotland and the Scots, sometimes mischievously.
    

            It is, according to the kind of lore that Burns engendered, the dish a doughty Highlander would carry with him as he drove cattle through the glens to the markets of the central belt or the perfect picnic for a whisky smuggler plying his illicit trade by moonlight.
    

            From such romantic notions it was a short step to turning the haggis into a wee wild beastie, one with longer legs on one side that was thus condemned to run round and round whichever hill it lived on. In 2003, a poll of American tourists in Scotland found that one in three of them believed they might encounter such a confused creature on a Caledonian vacation.
    

            Bourdain, a native New Yorker, may have qualified as haggis’ biggest admirer since Burns, but his compatriots at the US Department of Agriculture remain unconverted to offal-filled paunch. Haggis imports into the United States were prohibited in 1971 as part of a ban on the consumption of all livestock lungs. Authentic versions of old school haggis remain culinary contraband in the US, as hard to lay your hands on as Cuban cigars.
    

            Across the rest of the world, it’s a different story. According to leading producer Simon Howie, haggis is more widely appreciated and consumed now than it has been since Burns improvised his “Address to a Haggis” for the entertainment of well-to-do Edinburgh acquaintances.
    

                    It’s like a cuddle for the stomach
                

                    Nicola Turner, haggis fan
                

            Firmly tongue-in-cheek, the poem lauds the “Great chieftain o’ the pudding race,” as exactly the kind of unpretentious, hearty fare required to nourish a nation of braveheart warriors.
    

            In comparison to the enfeebling foreign muck enjoyed by the capital’s claret-quaffing elites of the time – the olio, fricassée or ragoût that would “sicken a sow” – Burns urges his readers to wonder at the magical impact of haggis on his fellow sons of Scotland’s soil.
    

            As the English translation of the original Scots language version puts it:
    

But mark the Rustic, haggis-fed/


The trembling earth resounds his tread/


Clap in his ample fist a blade/


He’ll make it whistle/


And legs and arms and heads will cut/


Off like the heads of thistles


            These days synthetic casings have largely replaced stomach but ovine and porcine innards remain at the core of most of the haggis produced in its homeland, said Howie, who estimates that his company Simon Howie Butchers, accounts for around 60% of the roughly two million haggises produced every year.
    

            For Howie, versatility, value for money and convenience explain why this staple of the Scottish larder is thriving. Typically haggis retails in Scotland, which accounts for half of global consumption by volume, for around £6, or $7.70 per kilogram ($3.36/pound). That’s around half the price of less expensive cuts of beef or a third of the price of Scotch lamb while enjoying a fairly similar nutritional and calorific profile.
    

Related article
Best Mexican food: 23 dishes to try 


            “You can give your kids a meal that is not full of things you don’t want to feed them – for a few pounds you can feed three strapping lads,” Howie said.
    

            “From a kitchen perspective, it is very simple because when it leaves our factory it is already cooked. So when you or a restaurant owner gets it into the kitchen all you have to do is heat it up to be piping hot. It couldn’t be more basic: a student with no cooking skills or a Michelin-starred chef do exactly the same thing to put it out on the plate.”
    

            Its texture means haggis can also be usefully deployed in fine dining alongside leaner meat like venison or as a stuffing for poultry and game birds. Its spicy intensity means it is also finding uses in canapés and as a crouton-borne garnish for soups.
    

            Buoyant sales are also underpinned by the increasing consumption of haggis in forms inspired by Scotland’s ethnic minorities.
    

            Glasgow’s Sikh community pioneered haggis pakora in the 1990s and samosas, spring rolls and quesadillas have followed in its wake, often using a vegetarian version of the protein in which the offal is replaced by a mix of vegetables, pulses and mushrooms.
    

            Such dishes are more than culinary twists. They are badges of belonging, and an indication that, two centuries after Burns grabbed it for the nation, haggis is as intimately entwined with Scots identity as ever.
    

            Just ask Ross O’Cinneide, a promising 14-year-old fly-half in the junior section of Stirling County rugby club. 
    

            “Most of my friends and I like haggis,” he says. “Mum makes it for us sometimes after rugby and it’s got a very nice warming feeling. And it’s nice because it’s purely Scottish.”
    
© 2025 Cable News Network. A Warner Bros. Discovery Company. All Rights Reserved.  CNN Sans ™ & © 2016 Cable News Network.",1
"Markets 



Hot Stocks 



Fear & Greed Index 




            Latest Market News 




            Hot Stocks 




            OPEC and its allies’ surprise move to slash oil production will soon be felt at US gas pumps.
    

            The group known as OPEC+ announced Sunday it would cut oil production by more than 1.6 million barrels a day starting in May, running through the end of the year. The news sent both Brent crude futures, the global oil benchmark, and WTI, the US benchmark, up about 6% in trading Monday. 
    

            The production cut announcement also had an immediate impact on gasoline futures, which will be passed onto US drivers much more quickly than the spike in oil prices. RBOB, the most closely watched wholesale gasoline price, was up about 8 cents a gallon, or about 3%, in morning trading.
    

            “I think OPEC is reawakening the inflation monster,” said Tom Kloza, global head of energy analysis for OPIS, which tracks gas prices for AAA. “The White House has to be shocked and major-time pissed. It certainly alters the calculus for a while.”
    

            The national average for US gas prices stood at $3.51, on Monday, according to AAA. Kloza said he could see it getting up to $3.80 to $3.90 in relatively short order thanks to the move by OPEC.
    

            “We’re not going to get back to $5 a gallon. I don’t think we’re even going as high as $4,” he said. But he said by the end of the summer US drivers could be back above year-earlier prices, especially if there is a hurricane or other storms affecting production along the Gulf Coast.
    

            The average US regular gas price a year ago stood at $4.19 a gallon in the wake of Russia’s invasion of Ukraine and the disruption that caused to world’s energy markets. Prices eventually reached a record $5.02 a gallon on June 14, before starting a slow but steady decline over the course of more than three months during which the average price fell every day. The decline was partly driven by the release of oil from the US Strategic Petroleum Reserve, and partly by concerns that there could be a US or global recession that reduced the demand for gasoline. 
    

Related article
Oil prices surge after OPEC+ producers announce surprise cuts


            Even at $3.51, US gas prices were just below the $3.53 average on Feb. 23, 2022, the day before Russia’s invasion of Ukraine.
    

            Kloza said one thing keeping prices from getting anywhere near the record levels of 2022 is that the US plans additional releases from the SPR, and US oil production and refining capacity are both up. But a cut of 1 million barrels a day of oil by OPEC+ will not be easy to make up.
    

            “They have ability to cut production and they seem motivated to do so,” he said.
    
Most stock quote data provided by BATS. US market indices are shown in real time, except for the S&P 500 which is refreshed every two minutes. All times are ET. Factset: FactSet Research Systems Inc. All rights reserved. Chicago Mercantile: Certain market data is the property of Chicago Mercantile Exchange Inc. and its licensors. All rights reserved. Dow Jones: The Dow Jones branded indices are proprietary to and are calculated, distributed and marketed by DJI Opco, a subsidiary of S&P Dow Jones Indices LLC and have been licensed for use to S&P Opco, LLC and CNN. Standard & Poor’s and S&P are registered trademarks of Standard & Poor’s Financial Services LLC and Dow Jones is a registered trademark of Dow Jones Trademark Holdings LLC. All content of the Dow Jones branded indices Copyright S&P Dow Jones Indices LLC and/or its affiliates. Fair value provided by IndexArb.com. Market holidays and trading hours provided by Copp Clark Limited.
© 2025 Cable News Network. A Warner Bros. Discovery Company. All Rights Reserved.  CNN Sans ™ & © 2016 Cable News Network.",1
© 2025 Cable News Network. A Warner Bros. Discovery Company. All Rights Reserved.  CNN Sans ™ & © 2016 Cable News Network.,1
"Markets 



Hot Stocks 



Fear & Greed Index 




            Latest Market News 




            Hot Stocks 




            HSBC’s top brass defended their strategy Monday to frustrated shareholders in the lender’s largest market, as Europe’s biggest bank continued to face calls to be split up.
    

            At an informal shareholder meeting in Hong Kong, Chairman Mark Tucker and CEO Noel Quinn took questions from investors on issues ranging from how the bank was approaching demands for an overhaul of its business to its purchase of Silicon Valley Bank’s UK arm.
    

            In prepared remarks, Tucker and Quinn each reiterated the board’s recommendation that shareholders vote against a resolution on the docket for its annual general meeting in May that would force the bank to come up with a plan to spin off or reorganize its Asian business — the lender’s main source of profits.
    

Related article
HSBC's biggest shareholder reignites debate about breaking up the bank


            Tucker said the board was unanimous in its opposition to the resolution, stating plainly: “It would not be in your interest to split the bank.”
    

            He said the board had previously reviewed a range of options for restructuring the bank, and concluded that such alternatives would “materially destroy value for shareholders,” including dividends.
    

            “Our strategy is working,” Tucker told the room of more than 1,000 shareholders. “Our current strategy is moving dividends up.”
    

            HSBC has been facing calls to separate its Asian business from the rest of the bank over the past year. 
    

            Shareholders in Hong Kong — where HSBC is a mainstay of many retail investors’ portfolios — contend that the London-based lender’s performance has been dragged down by its businesses in other regions.
    

            Quinn addressed those complaints head-on Monday, saying “our profits in Hong Kong and the UK are no longer being dragged down by underperformance elsewhere. The group is performing well as a whole.” 
    

            Pressed later by a shareholder on the issue, Quinn said a breakup of the bank would result in “significant revenue loss”  because much of its business relied on cross-border transactions. 
    

            Investors have also been unhappy with HSBC scrapping its dividend in 2020, at the request of British regulators. They argue that if the lender cordoned off its activities in Asia, it would no longer have to expose Hong Kong shareholders to requests in other jurisdictions.
    

            Christine Fong, a district council member in Hong Kong, said she represented about 500 small shareholders who had been affected by the dividend cancellation.
    

            “Street hawkers, taxi drivers or teachers — they all relied on the dividend to pay for their regular expenses, like mortgage, insurance payments, school fees,” Fong told CNN.
    

            “That’s why, three years ago, what HSBC did upset those small minority shareholders.”
    

            Fong has now joined calls for shareholders to vote in favor of the proposal for the bank to spin off its Asian business, despite the lender bringing back its dividend in 2021, albeit at a lower level.
    

            Ken Lui, an activist shareholder in Hong Kong who put the resolution together, doubled down on his call for support ahead of the meeting Monday.
    

            The resolution will require 75% of votes to be passed in May, but “nothing is impossible,” he told reporters outside the meeting venue.
    

            Lui, who said he personally held a stake worth 100 million Hong Kong dollars ($12.7 million), laid out plans for his team to focus on “targeted outreach to institutional shareholders to present our case and gain their support.” 
    

            His group will also canvass 18 districts of Hong Kong “to tell HSBC shareholders that they finally have a chance to speak for themselves and protect their rights through voting,” he added.
    

            HSBC is also facing pressure from its largest shareholder.
    

            Ping An
            
                (PNGAY), China’s biggest insurer, holds an 8% stake in HSBC and has backed calls for the bank to rethink its structure.
    

            In a series of remarks made public by the Chinese firm last November, Huang Yong, chairman of Ping An’s asset management arm, said “we will support any initiatives including a spinoff that are conducive to improve HSBC’s performance and value.” 
    

            Since then, the insurance giant’s views haven’t changed, according to a person familiar with the matter.
    

            The source told CNN that Ping An has been calling for HSBC to explore a reorganization, with an eye on boosting its valuation and simplifying its regulatory obligations around the globe.
    

            The insurer has not recommended a specific path forward but will support any initiatives, including a spinoff of its Asian business, that could boost its stock performance or value, the person added. Ping An did not immediately respond to a request for comment on how it planned to vote at the upcoming general meeting.
    

            HSBC’s leaders were also asked Monfday why the bank had scooped up the British unit of SVB following the stunning collapse of its parent in the United States. The purchase was made for £1 ($1.20) last month, just days after SVB had folded.
    

            Critics have questioned HSBC’s ability to perform adequate due diligence on SVB UK’s customers because of how quickly the deal came together.
    

            “Did HSBC look into the clients of SVB in detail? Say, the financial statement — whether they can pay back the loan?” said Fong. 
    

Related article
HSBC buys SVB's UK business, ending 'nightmare' for British tech


            Quinn and Tucker defended the acquisition, calling it a good business opportunity that allowed the bank to gain hundreds of innovative startups as customers. They pushed back on the notion that management hadn’t had time to carry out proper due diligence.
    

            Tucker also weighed in on recent tumult in the banking industry, saying he did not expect an “immediate impact” on HSBC.
    

            “After the collapse of a number of smaller regional banks and the takeover of Credit Suisse, the share prices of all banks have been suppressed,” he noted.
    

            But he said he did not believe such developments represented “a systemic risk” to the sector. “I do expect a period of uncertainty” before nerves settle, he added.
    
Most stock quote data provided by BATS. US market indices are shown in real time, except for the S&P 500 which is refreshed every two minutes. All times are ET. Factset: FactSet Research Systems Inc. All rights reserved. Chicago Mercantile: Certain market data is the property of Chicago Mercantile Exchange Inc. and its licensors. All rights reserved. Dow Jones: The Dow Jones branded indices are proprietary to and are calculated, distributed and marketed by DJI Opco, a subsidiary of S&P Dow Jones Indices LLC and have been licensed for use to S&P Opco, LLC and CNN. Standard & Poor’s and S&P are registered trademarks of Standard & Poor’s Financial Services LLC and Dow Jones is a registered trademark of Dow Jones Trademark Holdings LLC. All content of the Dow Jones branded indices Copyright S&P Dow Jones Indices LLC and/or its affiliates. Fair value provided by IndexArb.com. Market holidays and trading hours provided by Copp Clark Limited.
© 2025 Cable News Network. A Warner Bros. Discovery Company. All Rights Reserved.  CNN Sans ™ & © 2016 Cable News Network.",1
"Markets 



Hot Stocks 



Fear & Greed Index 




            Latest Market News 




            Hot Stocks 




            Some VIP Twitter users woke up on Saturday expecting to have lost their coveted blue verification check marks in a previously announced purge by Elon Musk. Instead, Twitter appeared to target a single account from a major publication Musk dislikes and changed the language on its site in a way that obscures why users are verified.
    

            Twitter had said it would “begin winding down” blue checks granted under its old verification system — which emphasized protecting high-profile users at risk of impersonation — on April 1. In order to stay verified, Musk said, users would have to pay $8 per month to join the platform’s Twitter Blue subscription service, which has allowed accounts to pay for verification since December.
    

            Most legacy blue check holders found this weekend that their verification marks had not disappeared, but rather had been appended with a new label reading: “This account is verified because it’s subscribed to Twitter Blue or is a legacy verified account.” The language, which shows up when users click on the check mark, makes it unclear whether verified accounts are actually notable individuals or simply users who have paid to join Twitter Blue. 
    

            But one high-profile account did lose its blue check over the weekend: the main account for the New York Times, which had previously told CNN it would not pay for verification.  
    

Related article
William Shatner is mad he may have to pay to keep his blue Twitter checkmark. Elon Musk says too bad


            After an account that often engages with Musk posted a meme this weekend about the Times declining to pay for verification, Musk responded in a tweet saying, “Oh ok, we’ll take it off then.” Musk then lashed out at the Times — just the latest instance of the billionaire slamming journalists or media outlets — in a series of tweets that claimed the outlet’s coverage is boring and “propaganda.”  
    

            The weekend moves are just the latest example of Twitter creating confusion and whiplash for users over feature changes — and in this case, not just any users, but many of the most high-profile accounts that have long been a key selling point for the platform. It also highlights how Musk often appears to guide decisions about the platform more by whims than by policy. 
    

            Although the New York Times’ main account lost its blue check, its other accounts, such as those for its arts, travel and books content, remained verified. (It’s not clear why the New York Times doesn’t have a gold “organizations” check mark, like accounts for other news outlets, including the Associated Press and the Washington Post.) After its blue check was removed, a spokesperson for the New York Times reiterated to CNN that it does not plan to pay for verification.
    

            Twitter, which laid off most of its public relations staff last fall, did not immediately respond to a request for comment.  
    

            In a separate puzzling move, Twitter’s blue bird logo at the top of the site was replaced on Monday with doge, the meme representing the cryptocurrency dogecoin, which Musk has promoted. The price of dogecoin shot up 20% on Monday.
    

            Musk has been threatening to take away “legacy” blue check marks from users verified under Twitter’s old system since shortly after he bought Twitter last fall.  
    

            In early November, Twitter launched the option for people paying for its Twitter Blue subscription service to receive blue checks. The program was quickly put on pause after being plagued by a wave of celebrity and corporate impersonators, and was relaunched in December. 
    

            Twitter also rolled out a color-coded verification system with differently colored marks for companies and government entities, but Musk continued to say that individual users would eventually have to pay for blue checks. 
    

            In the days leading up to the blue check purge that wasn’t, prominent users such as actor William Shatner and anti-bullying activist Monica Lewinksy pushed back against the idea that, as power users that draw attention to the site, they should have to pay for a feature that keeps them safe from impersonation. 
    

            By muddying the reason accounts are verified, the new label could risk making it easier for people to scam or impersonate high-profile users. Experts in inauthentic behavior have also said it’s not clear that reserving verification for paid users will reduce the number of bots on the site, an issue Musk has raised on and off over the past year.  
    

            Musk, for his part, has previously presented changes to Twitter’s verification system as a way of “treating everyone equally.” 
    

            “There shouldn’t be a different standard for celebrities,” he said in a tweet last week. The paid feature could also drive revenue, which could help Musk, who is on the hook for significant debt after buying Twitter for $44 billion. 
    

            Musk last week also said that starting on April 15, only verified accounts would be recommended in users’ “For You” feeds alongside the accounts they follow. 
    

–CNN’s Oliver Darcy contributed to this report.

Most stock quote data provided by BATS. US market indices are shown in real time, except for the S&P 500 which is refreshed every two minutes. All times are ET. Factset: FactSet Research Systems Inc. All rights reserved. Chicago Mercantile: Certain market data is the property of Chicago Mercantile Exchange Inc. and its licensors. All rights reserved. Dow Jones: The Dow Jones branded indices are proprietary to and are calculated, distributed and marketed by DJI Opco, a subsidiary of S&P Dow Jones Indices LLC and have been licensed for use to S&P Opco, LLC and CNN. Standard & Poor’s and S&P are registered trademarks of Standard & Poor’s Financial Services LLC and Dow Jones is a registered trademark of Dow Jones Trademark Holdings LLC. All content of the Dow Jones branded indices Copyright S&P Dow Jones Indices LLC and/or its affiliates. Fair value provided by IndexArb.com. Market holidays and trading hours provided by Copp Clark Limited.
© 2025 Cable News Network. A Warner Bros. Discovery Company. All Rights Reserved.  CNN Sans ™ & © 2016 Cable News Network.",1
"Finland’s left-wing Prime Minister Sanna Marin conceded defeat on Sunday in the Nordic country’s parliamentary election as the opposition right-wing National Coalition Party (NCP) claimed victory in a tightly fought contest.
    

            The pro-business NCP was expected to win 48 of the 200 seats in parliament, narrowly ahead of the nationalist Finns Party with 46 seats and Marin’s Social Democrats on 43 seats, justice ministry election data showed with all ballots counted.
    

            “We got the biggest mandate,” NCP leader Petteri Orpo said in a speech to followers, vowing to “fix Finland” and its economy.
    

            He will get the first chance at forming a coalition to obtain majority in parliament as Marin’s era as prime minister was expected to end.
    

Related article
Popular abroad, at home Marin faces battle to keep her job


            “We have gained support, we have gained more seats (in parliament). That’s an excellent achievement, even if we did not finish first today,” the prime minister said in a speech to party members.
    

            Marin, 37, the world’s youngest prime minister when she took office in 2019, is considered by fans around the globe as a millennial role model for progressive new leaders, but at home she has faced criticism for her partying and her government’s public spending.
    

Related article
Finnish Prime Minister Sanna Marin takes drug test following partying backlash


            While she remains very popular among many Finns, particularly young moderates, she antagonized some conservatives with lavish spending on pensions and education they see as not frugal enough.
    

            The NCP has led in polls for almost two years although its lead had melted away in recent months. It has promised to curb spending and stop the rise of public debt, which has reached just over 70% of GDP since Marin took office in 2019.
    

            Orpo accused Marin of eroding Finland’s economic resilience at a time when Europe’s energy crisis, driven by Russia’s war in Ukraine, has hit the country hard and the cost of living has increased.
    

            Orpo has said he will negotiate with all groups to obtain a majority in parliament, while Marin has said her Social Democrats may govern with the NCP but will not go into government with the Finns Party.
    

            Marin called the Finns Party “openly racist” during a debate in January – an accusation the nationalist group rejected.
    

            The Finns Party’s main goal is to reduce what leader Riikka Purra has called “harmful” immigration from developing countries outside the European Union. It also calls for austerity policies to curb deficit spending, a stance it shares with the NCP.
    

            Most notable of Marin’s foreign policy actions has been her push, along with President Sauli Niinisto, for the country to make a watershed policy U-turn by seeking NATO membership in the wake of Russia’s invasion of Ukraine.
    

            That process is now almost complete, with Helsinki expected to join within days after all the Western defense alliance’s 30 members approved the accession.
    
© 2025 Cable News Network. A Warner Bros. Discovery Company. All Rights Reserved.  CNN Sans ™ & © 2016 Cable News Network.",1
© 2025 Cable News Network. A Warner Bros. Discovery Company. All Rights Reserved.  CNN Sans ™ & © 2016 Cable News Network.,1
"Sixteen-year-old Summer McIntosh broke the world record for the 400m individual medley at the Canadian swimming trials on Saturday – just days after breaking the world record for the 400m freestyle.
    

            McIntosh finished the 400m individual medley in a time of 4:25.87, breaking the mark set at the 2016 Rio Olympics by Hungarian swimmer Katinka Hosszú with a time of 4:26.36.
    

            The result continues the teenager’s brilliant week after she broke the 400m freestyle world record last Tuesday – breaking defending Olympic champion Ariarne Titmus’ previous record of 3:56.40, which was set last May, in a time of 3:56.08.
    

            Speaking after her latest triumph, McIntosh shared her emotions.
    

            “That’s the first time I really vividly heard the crowd during my race,” McIntosh said, per Reuters.
    

            “It’s amazing to have all my family and friends in the stands, cheering me on. It really helped me in the last 100 meters.”
    

            The Canadian teen made her Olympic debut aged 14 at Tokyo 2020, where she finished fourth in the 200-meter freestyle.
    

            She bagged gold in the 200m butterfly and 400m medley at the world championships in 2022, as well as two golds at the Commonwealth Games in the 200m and 400m medleys. 
    

            She now trains in Florida under coach Brent Arckey with the Sarasota Sharks team.
    
© 2025 Cable News Network. A Warner Bros. Discovery Company. All Rights Reserved.  CNN Sans ™ & © 2016 Cable News Network.",1
"A new study found a moderately higher risk of autism spectrum disorder in children born to pregnant people exposed to tap water with higher levels of lithium, but experts caution that this association does not show a direct link between the two.
    

            About 1 in 36 children in the US is diagnosed with autism spectrum disorder (ASD) each year, according to data from the US Centers for Disease Control and Prevention.
    

            Scientists still don’t know the exact cause of autism, a developmental disorder. Genetics may be a factor, but some have been looking at potential environmental causes, too.
    

Related article
Autism diagnosis has become more common, but pandemic disrupted early detection, CDC says


            Cases may be on the rise, but that is also unclear. One study published this year on cases in the New York-New Jersey area found that autism diagnosis rates tripled among certain age groups between 2000 and 2016. A 2021 report found similar increases in cases, but the CDC says the increased number of cases is most likely linked to more doctors screening for the condition.
    

            Lithium is an alkali metal that can be found naturally in some food and ground water. It’s used in batteries, grease and air conditioners, as well as in the treatment of bipolar disorder and some blood disorders. Its levels in US drinking water are not regulated, according to the US Geological Survey.


            A new study, published Monday in the journal JAMA Pediatrics, found a small association between lithium and autism diagnosis in Denmark, where the researchers say the level of lithium in drinking water is similar to that in American water systems.
    

            The researchers checked a database of people with psychiatric disorders for children born between 2000 and 2013 to find information on 8,842 cases of ASD and 43,864 participants who did not have ASD. They then measured the concentration of lithium in 151 public waterworks that served more than half of the Danish population and mapped out where pregnant people lived in relation.
    

Related article
For many neurodiverse people, 'The Sims' has been a lifelong comfort


            As lithium levels in water increased, there was a modest increased risk of an ASD diagnosis. Specifically, compared with people at the lowest exposure level, those who had the second and third highest exposure during pregnancy had a 24% to 26% higher risk of ASD diagnosed in children. The group with the highest exposure had a 46% higher risk than those at the lowest level of exposure.
    

            The researchers could not tell how much water the pregnant people drank, but they picked Denmark in part because residents there consume some of the lowest amounts of bottled water in Europe.
    

            Experts say it’s important to note that the research can’t show that lithium exposure leads directly to an autism diagnosis.
    

            Further study is required, said study co-author Dr. Beate Ritz, a professor of neurology in the David Geffen School of Medicine at UCLA, and a professor of epidemiology and environmental health at the UCLA Fielding School of Public Health.
    

            “Any drinking water contaminants that may affect the developing human brain deserve intense scrutiny,” Ritz said in a news release. She added that the research would need to be replicated in other countries to look for a similar connection.
    

            The implications of the findings are complex as far as public health policy is concerned, according to an editorial published alongside the study. Lithium levels in water, at concentrations that the study associated with a potential ASD risk, have also been linked with health benefits such as lower rates of hospitalization for psychiatric disorders and suicide.
    

            “If all these of associations are valid, the wisdom of Solomon will be required to develop guidelines for lithium in drinking water that are maximally protective of the entire population,” wrote Dr. David C. Bellinger, a professor of neurology and psychology at Harvard Medical School. “Until the basic biology of ASD is better understood, it will be difficult to distinguish causal from spurious associations.”
    

Related article
'Heartbreaking' delays in autism diagnosis and treatment got even worse during pandemic


            Dr. Max Wiznitzer, director of the Rainbow Autism Center at University Hospitals Rainbow Babies and Children’s Hospital in Cleveland, points to other research on the effects of lithium on pregnant people who take it for mental health disorders. Those studies – which look at people exposed to much higher levels than are found in drinking water – do not show a connection with autism spectrum disorder.
    

            “It’s an interesting association, but causation is definitely not proven,” said Wiznitzer, who was not involved in the new research. “We have to see if there’s a viable and biologically plausible mechanism by which a small amount of lithium in the water supply can somehow do this, yet pharmacologic dosing of lithium in women with bipolar disorder has not been reported to be causing increased risk of ASD.”
    

            Other studies have also suggested connections between ASD and environmental exposures to things like pesticides, air pollution and phthalates. But none of them points to any of these factors as a direct cause of the disorder.
    

Sign up here to get The Results Are In with Dr. Sanjay Gupta every Tuesday from the CNN Health team.
    

            A link between environmental exposure and ASD is hard to prove, Wiznitzer said. With research showing that increased exposure to air pollution raises the risk of giving birth to a child with ASD, for example, he often wonders whether pollution is the determining factor or if it’s just the populations who live in more polluted areas.
    

            “There’s a lot of speculation about about environmental factors, but how many of them are truly causally associated?” Wiznitzer said. “We are bombarded with a variety of environmental stressors in our everyday lives. We have to figure out how to basically safely navigate them, and this is probably not one that’s high on our list.”
    
© 2025 Cable News Network. A Warner Bros. Discovery Company. All Rights Reserved.  CNN Sans ™ & © 2016 Cable News Network.",1
"Markets 



Hot Stocks 



Fear & Greed Index 




            Latest Market News 




            Hot Stocks 




            Twitter’s traditional bird icon was booted and replaced with an image of a Shiba Inu, an apparent nod to dogecoin, the joke cryptocurrency that CEO Elon Musk is being sued over. 
    

            Musk addressed the change Monday afternoon, tweeting, “as promised” above an image of a year-old conversation in which another user suggested that Musk “just buy Twitter” and “change the bird logo to a doge.” 
    

Related article
Elon Musk's Twitter promised a purge of blue check marks. Instead he singled out one account


            The doge logo appeared on the site two days after Musk asked a judge to throw out a $258 billion racketeering lawsuit accusing him of running a pyramid scheme to support the dogecoin, according to Reuters.


            Lawyers for Musk and Tesla called the lawsuit by dogecoin investors a “fanciful work of fiction” over Musk’s “innocuous and often silly tweets.”
    

            It wasn’t clear whether the logo change was permanent. Musk has been known to use Twitter to troll both his fans and his critics. 
    

            The price of dogecoin, which is typically volatile, was up more than 20% over the past 24 hours, to about 9 cents. It was trading just under 8 cents Monday morning.
    

Dogecoin was created December 6, 2013, by a pair of software engineers — as a joke. The name is a nod to the “doge” meme that became popular a decade ago. Its Shiba Inu mascot mimicks that meme: a dog surrounded by a bunch of Comic Sans text in broken English.
    
Most stock quote data provided by BATS. US market indices are shown in real time, except for the S&P 500 which is refreshed every two minutes. All times are ET. Factset: FactSet Research Systems Inc. All rights reserved. Chicago Mercantile: Certain market data is the property of Chicago Mercantile Exchange Inc. and its licensors. All rights reserved. Dow Jones: The Dow Jones branded indices are proprietary to and are calculated, distributed and marketed by DJI Opco, a subsidiary of S&P Dow Jones Indices LLC and have been licensed for use to S&P Opco, LLC and CNN. Standard & Poor’s and S&P are registered trademarks of Standard & Poor’s Financial Services LLC and Dow Jones is a registered trademark of Dow Jones Trademark Holdings LLC. All content of the Dow Jones branded indices Copyright S&P Dow Jones Indices LLC and/or its affiliates. Fair value provided by IndexArb.com. Market holidays and trading hours provided by Copp Clark Limited.
© 2025 Cable News Network. A Warner Bros. Discovery Company. All Rights Reserved.  CNN Sans ™ & © 2016 Cable News Network.",1
© 2025 Cable News Network. A Warner Bros. Discovery Company. All Rights Reserved.  CNN Sans ™ & © 2016 Cable News Network.,1
"Former President Donald Trump has been charged with 34 felony counts in an indictment unsealed Tuesday. Read the indictment and statement of facts here.

© 2025 Cable News Network. A Warner Bros. Discovery Company. All Rights Reserved.  CNN Sans ™ & © 2016 Cable News Network.",1
"Markets 



Hot Stocks 



Fear & Greed Index 




            Latest Market News 




            Hot Stocks 




A version of this story first appeared in CNN Business’ Before the Bell newsletter. Not a subscriber? You can sign up right here. You can listen to an audio version of the newsletter by clicking the same link.


            Americans have grown used to corporate executives treading the well-worn paths of the Northeast corridor to convene alongside elected officials in Washington, DC, and discuss geopolitics, policy and all that’s in-between. 
    

            In 2017, major CEOs from across the country came together to oppose North Carolina’s transgender bathroom law. In 2019, they called abortion bans “bad for business.” 
    

            After the deadly attack on the US Capitol on January 6, 2021, many of corporate America’s biggest names denounced the rioters and pledged to halt their political giving.
    

            Recently, more than 1,000 companies promised to voluntarily curtail their operations in Russia in protest of Moscow’s war on Ukraine. 
    

            Dick’s Sporting Goods stopped selling semi-automatic, assault-style rifles at stores and Citigroup put new restrictions on gun sales by business customers after the mass shooting at a high school in Parkland, Florida, in 2018.
    

            A year later, after mass shootings at a Walmart in El Paso, Texas, and a nightclub in Dayton, Ohio, Walmart ended handgun ammunition sales.
    

            Corporate leadership has long been vocal on the issue of gun control – in 2019 and again this past summer nearly 150 major companies – including Lululemon, Lyft, Bain Capital, Bloomberg LP, Permanente Medical Group and Unilever – called gun violence a “public health crisis” and demanded that the US Senate pass legislation to address it.
    

            That’s why corporate America’s silence in the wake of the latest mass shooting at a school in Nashville is so jarring. The United States has come to rely on the increasing power of large corporations as political advocates.
    

            But Yale professor Jeffrey Sonnenfeld, a vocal advocate of corporate social responsibility who has a direct line to major CEOs around the globe, said that top executives are forlorn. Their previous efforts haven’t done much to push the needle on gun control legislation and without more backing, they don’t know what else they can do at the moment, he said. 
    

            Before the Bell spoke with Sonnenfeld, who runs Yale School of Management’s Chief Executive Leadership Institute, a nonprofit educational and research institute focused on CEO leadership and corporate governance.
    

This interview has been edited for clarity and length. 


Before the Bell: CEOs have been quiet about gun reform since the latest mass school shooting in Nashville, have you heard anything about plans to speak out?


Jeffrey Sonnenfeld: Where is everybody else? Where is all of civil society? CEOs are just one group of people and it’s like we’re turning to them to be our saviors on every topic. They’ve joined causes with valor and nobility but they can’t just be taking cause after cause as if there’s nobody else in society. The social change that happened in the 1960s wasn’t being led primarily by CEOs. Social changes really happened when we saw the interfaith activity of clergy locking arms and canvassing legislators. We saw campuses alive and aroused. Where’s all the student activism? 
    

            The CEOs are still the most active even if they’re less active than they were six months ago. They’re not there as hired hands of shareholders to fill the role of politicians and civic leaders. They’re there to join that chorus, but they don’t want to be the only one singing. 
    

So is this what you’re hearing from top CEOs? Have they gotten tired of advocating? 


            I just got off of a CEO call on voting rights and this morning we had a forum on sustainability – CEOs are still the most active on these fronts. It’s the same thing on immigration reform. If a CEO was working an 18 hour day on a 12 day week, they still couldn’t address all of the issues that need addressing. 
    

            The nation’s CEOs are waiting for everybody else to join them. They don’t need to restate something they’ve already stated. They’ve jumped in the pool, where’s everybody else?
    

So what do you think has led to this complacency amongst Americans and the growing reliance on CEOs to advocate on our behalf? 


            They’ve taken a very strong stance and they’ve gone out further than the general public. They are where the general public is on surveys, but they’re not where the general public is on action in the streets. So we’re ready for others to now do something. Enough already on saying ‘what are the CEOs doing?’ Social capital is as valuable as financial capital. CEOs understand that in their soul, they want there to be social capital. They want there to be public trust, but they need the rest of civil society to join them. And that’s their frustration. 
    

It sounds like CEOs are frustrated?


            Yeah, they’re frustrated. 
    

But don’t these CEOs hold the purse strings in terms of donating to powerful politicians? 


            You would think that, but since the 2020 elections much less of campaign contributions have come from big business. Since the 2021 run on the  Capitol, a lot of businesses either had an official moratorium or they’ve given mere pennies to politicians. The common impression on the street that CEOs are controlling campaign purses strings is 100% wrong. 
    

By CNN’s Chris Isidore 


            Tesla reported.  a modest 4% rise in sales in the first quarter compared to the final three months of last year, despite a series of price cuts on its lower priced vehicles and talk by CEO Elon Musk about strong demand at those lower prices.
    

            The first quarter also marked the fourth straight quarter that Tesla has produced more vehicles than it has delivered to customers. Some of that may be due to the ramp up in production at two new factories, one in Texas, the other in Germany, which opened last spring, and a lag between that increased production and sales.
    

            Tesla said there was an increase in the number of its more expensive models, the Model S and Model X, in transit to Europe, the Middle East and Africa, as well as to the Asia Pacific region.
    

            But it does mean that over the last 12 months Tesla has produced 78,000 more cars than it has sold, suggesting that talk of strong demand by Tesla executives may not be backed up by the numbers.
    

            “Early this year, we had a price adjustment. After that, we actually generated a huge demand, more than we can produce, really,” said Tom Zhu, Tesla’s executive in charge of global production and sales. “And as Elon said, as long as you offer a product with value at affordable price, you don’t have to worry about demand.”
    
Most stock quote data provided by BATS. US market indices are shown in real time, except for the S&P 500 which is refreshed every two minutes. All times are ET. Factset: FactSet Research Systems Inc. All rights reserved. Chicago Mercantile: Certain market data is the property of Chicago Mercantile Exchange Inc. and its licensors. All rights reserved. Dow Jones: The Dow Jones branded indices are proprietary to and are calculated, distributed and marketed by DJI Opco, a subsidiary of S&P Dow Jones Indices LLC and have been licensed for use to S&P Opco, LLC and CNN. Standard & Poor’s and S&P are registered trademarks of Standard & Poor’s Financial Services LLC and Dow Jones is a registered trademark of Dow Jones Trademark Holdings LLC. All content of the Dow Jones branded indices Copyright S&P Dow Jones Indices LLC and/or its affiliates. Fair value provided by IndexArb.com. Market holidays and trading hours provided by Copp Clark Limited.
© 2025 Cable News Network. A Warner Bros. Discovery Company. All Rights Reserved.  CNN Sans ™ & © 2016 Cable News Network.",1
© 2025 Cable News Network. A Warner Bros. Discovery Company. All Rights Reserved.  CNN Sans ™ & © 2016 Cable News Network.,1
"Markets 



Hot Stocks 



Fear & Greed Index 




            Latest Market News 




            Hot Stocks 




            China Renaissance, a top dealmaker in the country’s tech industry, said it would suspend trading of its shares and delay the release of its annual results because it still can’t get in touch with its founder.
    

            Bao Fan, 52, started the boutique investment bank in 2005 and has been unreachable since the middle of February, according to the company. Shares in China Renaissance have plunged since Bao went missing, at one point dropping as much as 50%.
    

            China Renaissance said in late February that it had learned Bao was “cooperating in an investigation” being carried out by certain authorities in the country. It gave no other details.
    

            Chinese media have reported Bao might be assisting in an investigation related to a former executive at China Renaissance. 
    

            In a filing on Sunday, China Renaissance said auditors couldn’t complete their work or sign off on their report because of Bao’s absence. The board was also unable to give an estimate about when it would be able to approve its audited results for 2022 or dispatch its annual report by an April 30 deadline as required by Hong Kong’s listing rules. 
    

Related article
Missing Chinese billionaire CEO assisting authorities in investigation, company says


            Trading in the company’s shares was suspended from Monday as a result.
    

            Bao is known as a veteran dealmaker who works closely with top technology companies in China. He helped broker the 2015 merger between two of the country’s leading food delivery services, Meituan and Dianping. Today, the combined company’s “super app” platform is ubiquitous in China.
    

            His team has also invested in US-listed Chinese electric vehicle makers Nio
            
                (NIO) and Li Auto and helped Chinese internet giants Baidu
            
                (BIDU) and JD.com
            
                (JD) complete their secondary listings in Hong Kong.
    

            Over the weekend, China’s top anti-graft watchdog launched an investigation into Liu Liange, former party secretary and chairman of Bank of China, according to a statement by the Central Commission for Discipline Inspection and the State Supervision Commission. The bank is state-owned and one of the country’s four biggest lenders. 
    

            Liu is suspected of “serious violations of discipline and law,” the statement said. He is among the most senior financial executives targeted in a broader financial crackdown by President Xi Jinping.
    

            In January, Wang Bin, former party chief and chairman of China Life Insurance, was charged by national-level prosecutors with taking bribes and hiding overseas savings.
    

— Michelle Toh contributed reporting.

Most stock quote data provided by BATS. US market indices are shown in real time, except for the S&P 500 which is refreshed every two minutes. All times are ET. Factset: FactSet Research Systems Inc. All rights reserved. Chicago Mercantile: Certain market data is the property of Chicago Mercantile Exchange Inc. and its licensors. All rights reserved. Dow Jones: The Dow Jones branded indices are proprietary to and are calculated, distributed and marketed by DJI Opco, a subsidiary of S&P Dow Jones Indices LLC and have been licensed for use to S&P Opco, LLC and CNN. Standard & Poor’s and S&P are registered trademarks of Standard & Poor’s Financial Services LLC and Dow Jones is a registered trademark of Dow Jones Trademark Holdings LLC. All content of the Dow Jones branded indices Copyright S&P Dow Jones Indices LLC and/or its affiliates. Fair value provided by IndexArb.com. Market holidays and trading hours provided by Copp Clark Limited.
© 2025 Cable News Network. A Warner Bros. Discovery Company. All Rights Reserved.  CNN Sans ™ & © 2016 Cable News Network.",1
© 2025 Cable News Network. A Warner Bros. Discovery Company. All Rights Reserved.  CNN Sans ™ & © 2016 Cable News Network.,1
"Sign up for CNN’s Wonder Theory science newsletter. Explore the universe with news on fascinating discoveries, scientific advancements and more.


            Cruising at a depth of 8,336 meters (over 27,000 feet) just above the seabed, a young snailfish has become the deepest fish ever filmed by scientists during a probe into the abyss of the northern Pacific Ocean.
    

            Scientists from University of Western Australia and Tokyo University of Marine Science and Technology released footage of the snailfish on Sunday filmed last September by sea robots in deep trenches off Japan.
    

            Along with the filming the deepest snailfish, the scientists physically caught two other specimens at 8,022 meters and set another record for the deepest catch. 
    

            Previously, the deepest snailfish ever spotted was at 7,703 meters in 2008, while scientists had never been able to collect fish from anywhere below 8,000 meters. 
    

            “What is significant is that it shows how far a particular type of fish will descend in the ocean,” said marine biologist Alan Jamieson, founder of the Minderoo-UWA Deep Sea Research Centre, who led the expedition.
    

            Scientists are filming in the trenches off Japan as part of a 10-year study into the deepest fish populations in the world. Snailfish are members of Liparidae family, and while most snailfish live in shallow water, others survive at some of the greatest depths ever recorded, Jamieson said.
    

            During the two-month survey last year, three “landers” – automatic sea robots fitted with high-resolution cameras – were dropped into three trenches – the Japan, Izu-Ogasawara and Ryukyu trenches – at varying depths. 
    

            In the Izu-Ogasawara trench, footage showed the deepest snailfish hovering calmly alongside other crustaceans on the seabed.
    

            Jamieson classified the fish as a juvenile and said younger deep sea snailfish often stay as deep as possible to avoid being eaten by bigger predators that swim at shallower depths.  
    

            Another clip shot at between 7,500 and 8,200 meters in the same trench showed a colony of fish and crustaceans munching at bait tied to an undersea robot.
    

            Images of the two captured snailfish – identified as Pseudoliparis belyaevi – provide a rare glimpse of the unique features that help the deep sea species survive the extreme environment. 


            They have tiny eyes, a translucent body, and their lack of swim bladder, which helps other fish float, works to their advantage, Jamieson said.
    

            The professor said the Pacific Ocean is particularly conducive to vibrant activity due to its warm southern current, which encourages sea creatures to go deeper, while its abundant marine life provides a good source of food for bottom feeders.
    

            Scientists would like to know more about creatures living at extreme depths, but cost is the constraint, Jamieson said, adding that each lander alone costs them $200,000 to assemble and operate.
    

            “The challenges are that technology has been expensive and scientists don’t have a lot of money,” he said. 
    
© 2025 Cable News Network. A Warner Bros. Discovery Company. All Rights Reserved.  CNN Sans ™ & © 2016 Cable News Network.",1
© 2025 Cable News Network. A Warner Bros. Discovery Company. All Rights Reserved.  CNN Sans ™ & © 2016 Cable News Network.,1
"Editor’s Note: Dean Obeidallah, a former attorney, is the host of SiriusXM radio’s daily program “The Dean Obeidallah Show.” Follow him @DeanObeidallah@masto.ai. The opinions expressed in this commentary are his own. View more opinion on CNN.


            Last year, GOP Rep. Marjorie Taylor Greene of Georgia spoke at a white nationalist event organized by Holocaust denier Nick Fuentes that caused Republican leaders to denounce her. 
    

            Last week, Greene’s Twitter account was temporarily suspended by the Elon Musk-headed platform over a tweet with a graphic referring to a “Trans Day of Vengeance,” as she denounced a planned transgender rights rally. 
    

            And come Tuesday, Greene has announced plans to protest in New York City when former President Donald Trump is expected to be arraigned on an indictment of more than 30 counts, calling the proceedings against him an “unconstitutional WITCH HUNT!” 
    

            But on Sunday, Greene was featured on CBS’ “60 Minutes” in an interview the long-running show promoted on Twitter with the tease: “Republican Rep. Marjorie Taylor Greene, nicknamed MTG, isn’t afraid to share her opinions, no matter how intense and in-your-face they are. She sits down with Lesley Stahl this Sunday on 60 Minutes.” The images attached to this tweet by “60 Minutes” include Greene and Stahl walking through the US Capitol, taking a stroll outside and Greene showing Stahl something on her phone.
    

Related article
It's time for Marjorie Taylor Greene to go


            In the segment that aired Sunday night, Stahl noted the congresswoman had moved from the fringe to the GOP’s front row in two years despite a “sharp tongue” and “some pretty radical views” as well as “over the top” comments such as “the Democrats are a party of pedophiles.” Stahl also referred to video of Greene chasing a Parkland, Florida, school shooting survivor, still maintaining that the 2020 election was stolen and failing to criticize Trump over spending. (The interview was conducted before news of his indictment.)
    

            But Stahl didn’t mention Greene spoke at a white nationalist event a year ago while a member of Congress or her extreme anti-Muslim views and her defense of January 6 rioters.
    

            Criticism of CBS for amplifying Greene has been swift and well-deserved even before the program aired. Former GOP Rep. Adam Kinzinger of Illinois tweeted beforehand: “Wow. Insane that 60 min would do this.” (Kinzinger is a CNN senior political commentator.)
    

            Journalist Molly Jong-Fast also slammed “60 Minutes” with the tweet: “Attention is currency and 60 minutes is spending its currency on the Jewish space lasers woman.” (Jong-Fast was apparently referring to Greene’s past claim that a massive California wildfire was started by “a laser” beamed from space controlled by a prominent Jewish banking family.)
    

David Hogg, who survived the 2018 horrific school shooting at Marjory Stoneman Douglas High School in Parkland and has since become an activist against gun violence, responded, “I look forward to your questions about why she thinks school shootings are fake and why she’s supported QAnon.”  
    

Related article
Trump's risky call for protests


Greene amplified the conspiracy theory — two years before being elected to Congress — that the Parkland shooting that took 17 lives was staged. And in 2019, Greene appeared on video confronting Hogg outside the Capitol when he was championing laws to save lives from gun violence, screaming that the then-teenager was a “coward.” She also called Hogg “#littleHitler” on social media. 
    

Greene’s own tweet promoting Sunday’s segment was not filled with her typical smears of “fake news” when she doesn’t like the coverage. Rather, Greene urged people to tune in as she praised “60 Minutes” host Stahl (and misspelled her first name): “It was an honor to spend a few days with the legendary icon Leslie Stahl and talented crew @60Minutes.” Greene added, “Leslie is a trailblazer for women in journalism. And while we may disagree on some issues, I respect her greatly.”
    

            Now, it is true that “60 Minutes” over its 50-plus-year history has featured what the show has dubbed “controversial” guests. These include a 2000 interview with Oklahoma City bomber Timothy McVeigh, whose 1995 terrorist attack left 168 dead, including 19 children. And the show did a 1979 interview with Iran’s Ayatollah Ruhollah Khomeini.


            Perhaps “60 Minutes” views Greene — who has repeatedly downplayed and even defended the January 6, 2021, attack plus called for the GOP to become the party of “Christian nationalism” — in the vein of its long list of controversial guests. (CBS had not responded to a request from CNN for comment at time of publishing.)
    

Join us on Twitter and Facebook


            However, the choice of Greene as a guest instantly recalls the comments of then-CBS CEO Les Moonves during Trump’s 2016 presidential campaign when he admitted that Trump’s candidacy “may not be good for America, but it’s damn good for CBS.” Moonves added, “The money’s rolling in and this is fun. … (T)his is going to be a very good year for us,” concluding, “Sorry. It’s a terrible thing to say. But bring it on, Donald. Keep going.”
    

Moonves may be gone from CBS, but it appears his mindset continues at “60 Minutes.” And that may be good for “60 Minutes,” but it’s definitely not good for America. 
    
© 2025 Cable News Network. A Warner Bros. Discovery Company. All Rights Reserved.  CNN Sans ™ & © 2016 Cable News Network.",1
"Most stock quote data provided by BATS. US market indices are shown in real time, except for the S&P 500 which is refreshed every two minutes. All times are ET. Factset: FactSet Research Systems Inc. All rights reserved. Chicago Mercantile: Certain market data is the property of Chicago Mercantile Exchange Inc. and its licensors. All rights reserved. Dow Jones: The Dow Jones branded indices are proprietary to and are calculated, distributed and marketed by DJI Opco, a subsidiary of S&P Dow Jones Indices LLC and have been licensed for use to S&P Opco, LLC and CNN. Standard & Poor’s and S&P are registered trademarks of Standard & Poor’s Financial Services LLC and Dow Jones is a registered trademark of Dow Jones Trademark Holdings LLC. All content of the Dow Jones branded indices Copyright S&P Dow Jones Indices LLC and/or its affiliates. Fair value provided by IndexArb.com. Market holidays and trading hours provided by Copp Clark Limited.
© 2025 Cable News Network. A Warner Bros. Discovery Company. All Rights Reserved.  CNN Sans ™ & © 2016 Cable News Network.",1
"An anticipated meeting between Taiwan’s President Tsai Ing-wen and US House Speaker Kevin McCarthy in California this week has sparked concerns of a repeat of the pressure campaign China launched last year when then-Speaker Nancy Pelosi visited Taipei. 
    

            At that time, Beijing encircled the island democracy with unprecedented military drills – firing multiple missiles into its surrounding waters and sending dozens of warplanes speeding across a sensitive median line dividing the Taiwan Strait.
    

            It also cut off contact with the United States over a number of issues from military matters to combating climate change, in retaliation for what it viewed as a violation of its sovereignty. 
    

            This time, Beijing has already threatened to “resolutely fight back” if a Tsai-McCarthy meeting goes ahead. 
    

            It also slammed Washington for allowing Tsai to stopover in the US while en route to and from official visits in Central America, warning it could lead to “serious” confrontation between the two powers.
    

            A defiant Tsai staked out her own ground, pledging as she took off on her 10-day trip not to let “external pressure” stop Taiwan from connecting with the world and like-minded democracies. 
    

            But the optics of the meeting, taking place in California and not Taiwan, and its timing – at a particularly thorny moment in China’s foreign relations and ahead of a presidential election in Taiwan that could reset the tone of its relationship with Beijing – may see Beijing tread more carefully this time, or at least not escalate further, analysts say. 


            “This puts the burden on China not to overreact, because any overreaction is only going to push China further away from the world,” said Yun Sun, director of the China Program at the Stimson Center think tank in Washington. 


            That doesn’t mean, however, that Beijing won’t be closely watching Tsai’s movements as it calibrates its response – and decides how much military might to flex over her meeting with an American lawmaker on American soil.
    

            The opacity of China’s system – and the potential for competing interests within its vast bureaucracy – also make it difficult to accurately predict its response. 
    

            “Every time Taiwan does anything that China doesn’t like, the Chinese react with their own military coercion,” Sun said. But in the current situation, “they have to consider the consequences of overreaction,” she added.
    

            The expected meeting, which McCarthy’s office announced earlier this week would take place on Wednesday, also comes at a precarious moment in US-China relations. 
    

            Washington and Beijing are struggling to stabilize their communication amid flaring tensions over issues from a downed suspected Chinese surveillance balloon to semiconductor supply chains – raising the stakes of potential damage to that relationship if Beijing lashes out as it did when Tsai met Pelosi.
    

            Taiwan is still feeling the fallout of that response last August, with Chinese military forces now regularly making incursions over what had previously been an informal but largely respected border of control between Beijing and Taipei in the Taiwan Strait. Taiwan’s official Central News Agency also reported Monday that Tsai would meet with McCarthy, citing Tsai’s presidential office.
    

            But a meeting between Tsai and the leader of the Republican majority in the US House of Representatives, who ranks second in line to the Presidency, would mark another symbolic moment for Taiwan and the US, which only maintain unofficial ties.
    

            For Tsai, who is entering the final year of her two-term presidency, “it’s clearly a capstone event,” according to Wen-Ti Sung, a political scientist at the Australian National University’s Taiwan Studies Program. “She has this image as the Taiwanese president who has taken US-Taiwan relations to new heights, and who … has been able to give Taiwan almost unprecedented international visibility,” he said. 
    

            That increased visibility – and enhanced cooperation with the US – has followed China’s mounting pressure on the island, which sits fewer than 110 miles (177 kilometers) from the mainland coast.
    

            China’s Communist Party claims the self-governing island democracy as its own despite never having controlled it, and has vowed to take the island, by force if necessary. 
    

Related article
China thinks it's diplomatically isolating Taiwan. It isn't


            The party has undertaken a sweeping expansion of its military capabilities over the past decade under leader Xi Jinping – and ramped up its pervasive economic, diplomatic and military pressure on Taiwan.
    

            That’s driven concerns, among some in Washington, that Beijing is preparing for an invasion, though China’s official language still suggests that scenario is not its preferred option for achieving the claimed goal of “reunification.”
    

            It is those pressures – and how to support Taiwan against unilateral actions by Beijing – that are likely to be on the table when Tsai, McCarthy and a bipartisan group of US lawmakers sit down on Wednesday.
    

            Congress has been a pillar of increasing American support for Taiwan in recent years. Lawmakers regularly visit the island and drive bipartisan legislation enhancing support and cooperation. 
    

            While the US switched its diplomatic relations to Beijing decades ago, it maintains unofficial ties with Taiwan and is bound by law to provide the democratic island with the means to defend itself.
    

            Under Washington’s longstanding “One China” policy, the US acknowledges China’s position that Taiwan is part of China, but has never officially recognized Beijing’s claim to the island of 23 million.
    

            Though McCarthy does not have Pelosi’s decades-long record of advocacy regarding China, the California Republican is now a leading voice pushing for closer scrutiny of Beijing, and meeting Tsai could help him to burnish that image.
    

            Last month, McCarthy told reporters that meeting Tsai in the US would not impact whether he travels to Taiwan in the future – something he had earlier said he wanted to do.
    

            A meeting in California, on US soil, is widely seen as less likely to provoke Beijing than a McCarthy visit to Taiwan.
    

            Pelosi’s trip – the first from a lawmaker of that rank to the island in 25 years – generated a fever pitch of nationalist and anti-US rhetoric in mainland China. 
    

            This time, so far, domestic conversation in China’s heavily controlled media sphere has been significantly muted.
    

            But the stakes remain high – including for Beijing itself – over how it responds, analysts say.
    

            As Taiwan prepares for a presidential election in January, a fierce response could push voters away from Taiwan’s main opposition party Kuomintang (KMT), widely seen as more friendly toward Beijing.
    

            It could also jar with another high profile trip happening now: a tour of mainland China from former Taiwan president and senior KMT member Ma Ying-jeou, the first visit from a current or former Taiwan leader since the end of the Chinese Civil War in 1949.
    

            Ma’s tour is a “once in a half a century opportunity to send a conciliatory message between the two sides, Beijing shouldn’t want to tank that,” said Sung, the political scientist. 
    

Related article
What you need to know about China-Taiwan tensions


            China is also acutely aware that its actions toward Taiwan are under a significantly brighter global spotlight following the invasion of Ukraine by Russian President Vladimir Putin, a close diplomatic partner of Xi. Putin’s rhetoric over Ukraine has echoes of how Xi speaks of Taiwan. 
    

            Beijing has recently sought to position itself as an agent of peace in that conflict – especially as it aims to repair frayed ties with Europe.
    

            This week, as Tsai is expected to meet with McCarthy, French President Emmanuel Macron and European Commission President Ursula von der Leyen will head to China – an important opportunity that Xi may not want to overshadow with military posturing. 
    

            An aggressive response also risks stoking confrontation with the US, not yet six months after Xi and US President Joe Biden called to enhance communication during a face-to-face meeting in Bali. 
    

            “(A less overtly aggressive response) would imply that Beijing does not wish to escalate tension with the US to a level that can risk getting out of hand,” said Steve Tsang, director of the SOAS China Institute in London.
    

            “A reset in US-China ties is not on the agenda, but an easing of tension is not beyond the realm of possibility.”
    

  CNN’s Wayne Chang contributed reporting.

© 2025 Cable News Network. A Warner Bros. Discovery Company. All Rights Reserved.  CNN Sans ™ & © 2016 Cable News Network.",1
"Editor’s Note: A version of this story first appeared in CNN’s Meanwhile in the Middle East newsletter, a three-times-a-week look inside the region’s biggest stories. Sign up here.


            Turkey’s persecuted pro-Kurdish party has emerged as a kingmaker in the country’s upcoming election, playing a decisive role that may just tip the balance enough to unseat two-decade ruler Recep Tayyip Erdogan.  
    

            In a key setback to the Turkish president and leader of the Justice and Development Party (AK Party), the pro-Kurdish Peoples’ Democratic Party (HDP) last month announced that it would not put forward its own presidential candidate, a move analysts say allows its supporters to vote for Erdogan’s main rival. 
    

            “We are facing a turning point that will shape the future of Turkey and (its) society,” said the HDP in a statement on March 23. “To fulfill our historical responsibility against the one-man rule, we will not field a presidential candidate in (the) May 14 elections.” 
    

            It is a twist of irony for the Turkish strongman, who spent the better half of the past decade cracking down on the party after it began chipping away at his voter base. Its former leader Selahattin Demirtas has been in prison for nearly seven years and the party faces possible closure by a court for suspected collusion with the militant Kurdistan Workers’ Party (PKK) and affiliated groups. But its influence may nonetheless determine the course of Turkey’s politics. 
    

            The HDP’s decision not to field a candidate came just three days after head of the Republican People’s Party (CHP) Kemal Kilicdaroglu, Erdogan’s main rival, visited the party’s co-chairs. He told reporters that the solution to Turkey’s problems, “including the Kurdish problem” lies in parliament,” according to Turkish media. 
    

            Kilicdaroglu, who represents the six-party Nation Alliance opposition bloc, is the strongest contender to run against Erdogan in years. And while the HDP hasn’t yet announced whether it will put its weight behind him, analysts say it is the kingmaker in the elections. 
    

Related article
Erdogan's 'polar opposite' wants to replace him as president of Turkey 


            “It was a carefully crafted political discourse,” Hisyar Ozsoy, deputy co-chair of the HDP and a member of parliament from the predominantly Kurdish province of Diyarbakir, told CNN. “We are not going to have our own candidate, and we will leave it to the international community to interpret it the way they wish.” 
    

            Experts say the crackdown on the HDP is rooted in the threat it poses to Erdogan politically, as well as its position as one of the main parties representing Turkey’s Kurds, an ethnic minority from which a separatist militant movement has emerged.  
    

            The party and the Kurdish people have had a complicated relationship with Erdogan. The leader courted the Kurds in earlier years by granting them more rights and reversing restrictions on the use of their language. Relations with the HDP were also cordial once, as Erdogan worked with the party on a brief peace process with the PKK. 
    

            But ties between Erdogan and the HDP later turned sour, and the HDP fell under a sweeping crackdown aimed at the PKK and their affiliates. 
    

            Kurds are the biggest minority in Turkey, making up between 15% and 20% of the population, according to Minority Rights Group International.  
    

            It is unclear if the HDP will endorse Kilicdaroglu, but analysts say that the deliberate distance may be beneficial for the opposition candidate. 
    

            The accusations against the HDP place it in a precarious position during the elections. It currently faces a case in Turkey’s Constitutional Court over suspected ties to the PKK, which is designated as a terrorist group by Turkey, the United States and the European Union. Knowing it may be banned at any moment, its candidates are running under the Green Left Party in parliament.  
    

            If the opposition is seen as allying with the HDP, Erdogan’s AK Party may use its influence in the media to discredit it as being pro-PKK, said Murat Somer, a political science professor at Koc University in Istanbul and author of Return to Point Zero, a book on the Turkish-Kurdish question in Turkey. 
    

            The HDP’s threat to Erdogan’s hold on power became apparent after the June 2015 election, the first general election it participated in. It won 13% of the seats, denying the ruling AK Party its majority for the first time since 2002. Erdogan, however, called a snap election five months later, which led to a drop in the HDP’s support to 10.7%, as well as the restoration of the AK Party’s overall majority.  
    

            “They are a kingmaker in these elections because the HDP gets about half of the votes of the Kurdish population in Turkey,” said Somer, adding that the other, more conservative Kurdish voters have traditionally voted for Erdogan’s AK Party. And last month, the Free Cause Party (HUDA-PAR), a tiny Kurdish-Islamist party announced support for Erdogan in the elections. The party has never won seats in parliament. 
    

Related article
Erdogan's political fate may rest on his response to the earthquake 


            The HDP knows that its position is key to the outcome of next month’s vote, but that it’s also in a delicate situation. 
    

            “We want to play the game wisely, and we need to be very careful,” said Ozsoy, adding that the party wants to avoid a “contaminated political climate” where the elections are polarized “between a very ugly ultra-nationalist discourse against Kilicdaroglu and others.” 
    

            The party was founded in 2012 with a number of aims, said Ozsoy, one of which was “peaceful and democratic resolution of the Kurdish conflict.” 
    

            Somer said that the party was seen to be “an initiative” of the PKK, which later led to a heavy government crackdown on it in the name of counterterrorism.  
    

            Its former leader Demirtas remains an influential figure. 
    

            The Turkish government has been trying to link the HDP to the PKK but has so far failed to prove “a real connection,” said Asli Aydintasbas, a visiting fellow at the Brookings Institution in Washington, DC.  
    

            A post-Erdogan Turkey may give some breathing space to the Kurds and Kurdish-dominated parties in Turkey, Aydintasbas told CNN, noting that many Kurdish voters have recently left Erdogan’s camp. “For HDP, this is more than just an ideological choice,” she said. “It’s a matter of survival.” 
    

            Ozsoy says his party understands what’s at stake, not only for Turkey’s Kurds but for all its minorities.  
    

            “We are aware of our responsibility here. We are aware of our role. We know we are in a kingmaker position,” the HDP lawmaker said. 
    

Two women arrested for not wearing hijab following ‘yogurt attack’ 


Two women were arrested in Iran for failing to wear the hijab in public, after a man threw a tub of yogurt at them at a store in the city of Shandiz on Thursday, according to Mizan News Agency, the state-run outlet for Iran’s judiciary. 
    

Oil prices surge after OPEC+ producers announce surprise cuts 


Oil prices spiked Monday after OPEC+ producers unexpectedly announced that they would cut output. Brent crude, the global benchmark, jumped 5.31% to $84.13 a barrel, while WTI, the US benchmark, rose 5.48% to $79.83. Both were the sharpest price rises in almost a year. The collective output cut by the nine members of OPEC+ totals 1.66 million barrels per day. 
    

Iran blames Israel for the killing of second IRGC officer, vows to respond  


            A second Iranian Islamic Revolutionary Guard Corps (IRGC) officer died following an attack in Syria on Friday, according to Iranian state media on Sunday. Iranian state media said the Iranian military adviser died after an Israeli attack near the Syrian capital Damascus left him wounded. The attack also killed another IRGC officer. In a tweet on Sunday, Iranian government spokesman Ali Bahadori Jahromi said the alleged Israeli attack wouldn’t go unanswered. Iranian Foreign Ministry spokesman Nasser Kanaani said on Sunday that Iran has the right to respond to “state terrorism.”   
    
What’s the difference between Persians and Arabs?Comedian @MazJobrani shares with me his thoughts on touring the Middle East, his support for Iran’s protests, and his latest comedy special: pic.twitter.com/UvYwVgJIlw

            Iranian-American comedian Maz Jobrani, who has been touring the Middle East, spoke to CNN’s Becky Anderson about his support for the protests in his homeland, saying that he used his standup comedy platform to highlight the “brutality against the Iranian people.”  
    

            “It was an opportunity for me to say, ‘let’s keep fighting,’” he said. 
    

            Watch the interview here.  
    
China and Brazil have reached an agreement to ditch USD and use their own currencies—China Daily pic.twitter.com/q33U4kVO5Q

            An Iranian state news outlet is gloating at what it sees as the demise of the US dollar. 
    

            IRNA recreated a popular meme to mark China and Brazil’s decision to reportedly ditch the US dollar as an intermediary in trade, citing the Chinese state news outlet, China Daily. It shows two men representing China and Brazil posing in front of a grave labelled “USD.”  
    

            The meme was pinned to the top of IRNA’s Twitter page, and was met with laughter and ridicule. “Dream on,” said another user, pointing to the dollar’s use as the main reserve currency around the world.  
    

            China Daily said that the agreement was part of “the rising global use of the Chinese renminbi.” It would reportedly enable China and Brazil to conduct trade and financial transactions using local currencies instead of the dollar. 
    
© 2025 Cable News Network. A Warner Bros. Discovery Company. All Rights Reserved.  CNN Sans ™ & © 2016 Cable News Network.",1
"Shania Twain is standing up for others in country music.
    

            The legendary star in the genre used her acceptance speech for the Equal Play Award at Sunday’s CMT Awards to call for more equity and diversity in the country music industry.
    

            “When I wrote the phrase ‘Man I feel like a woman’ I honestly had no idea at the time it would become an undercurrent of a decades-long career,” she said, referring to one of her biggest hits. “It’s amazing how one statement can empower so many.”
    

            The phrase, Twain said, “has been adopted by an array of fantastic communities all around the world and become a genuine path of power…which brings me so much joy.” 
    

            “I believe in an all-inclusive country music. We’re family,” Twain said. “This is a genre of music with a rich history that raised and nurtured my own songwriting and performance and recording career from childhood. Currently, the industry standard does a real disservice to this.”
    

            Twain, who was presented the award by rapper Megan Thee Stallion, shouted out some of the diverse acts she is spotlighting on her “Queen of Me” tour this year, including Lily Rose, Lindsay Ell, Hailey Whitters, Mickey Guyton and others. 
    

            “I will continue to do my best as a trailblazer,” Twain said. “Together, let’s ensure all our fellow artists get equal play regardless of gender, age or race.”
    

            She also performed acappella with the African American singing group, The BoykinZ, while presenting an award onstage. Twain connected with the group, who are sisters and rising country stars, after Kelly Clarkson surprised them recently by bringing Twain out to meet them during an episode of Clarkson’s daytime talk show. 

© 2025 Cable News Network. A Warner Bros. Discovery Company. All Rights Reserved.  CNN Sans ™ & © 2016 Cable News Network.",1
"It is one of China’s most popular shopping apps, selling clothing, groceries and just about everything else under the sun to more than 750 million users a month.
    

            But according to cybersecurity researchers, it can also bypass users’ cell phone security to monitor activities on other apps, check notifications, read private messages and change settings.
    

            And once installed, it’s tough to remove.
    

            While many apps collect vast troves of user data, sometimes without explicit consent, experts say e-commerce giant Pinduoduo has taken violations of privacy and data security to the next level.
    

            In a detailed investigation, CNN spoke to half a dozen cybersecurity teams from Asia, Europe and the United States — as well as multiple former and current Pinduoduo employees — after receiving a tipoff.
    

            Multiple experts identified the presence of malware on the Pinduoduo app that exploited vulnerabilities in Android operating systems. Company insiders said the exploits were utilized to spy on users and competitors, allegedly to boost sales.
    

            “We haven’t seen a mainstream app like this trying to escalate their privileges to gain access to things that they’re not supposed to gain access to,” said Mikko Hyppönen, chief research officer at WithSecure, a Finnish cybersecurity firm.
    

            “This is highly unusual, and it is pretty damning for Pinduoduo.” 
    

                    This is highly unusual, and it is pretty damning for Pinduoduo.
                

                    Mikko Hyppönen, cybersecurity expert
                

            Malware, short for malicious software, refers to any software developed to steal data or interfere with computer systems and mobile devices.
    

            Evidence of sophisticated malware in the Pinduoduo app comes amid intense scrutiny of Chinese-developed apps like TikTok over concerns about data security. 
    

            Some American lawmakers are pushing for a national ban on the popular short-video app, whose CEO Shou Chew was grilled by Congress for five hours last week about its relations with the Chinese government.
    

            The revelations are also likely to draw more attention to Pinduoduo’s international sister app, Temu, which is topping US download charts and fast expanding in other Western markets. Both are owned by Nasdaq-listed PDD, a multinational company with roots in China.
    

            While Temu has not been implicated, Pinduoduo’s alleged actions risk casting a shadow over its sister app’s global expansion. 
    

            There is no evidence that Pinduoduo has handed data to the Chinese government. But as Beijing enjoys significant leverage over businesses under its jurisdiction, there are concerns from US lawmakers that any company operating in China could be forced to cooperate with a broad range of security activities. 
    

            The findings follow Google’s suspension of Pinduoduo from its Play Store in March, citing malware identified in versions of the app.
    

            An ensuing report from Bloomberg said a Russian cybersecurity firm had also identified potential malware in the app.
    

            Pinduoduo has previously rejected “the speculation and accusation that Pinduoduo app is malicious.”
    

            CNN has contacted PDD multiple times over email and phone for comment, but has not received a response.
    

            Pinduoduo, which boasts a user base that accounts for three quarters of China’s online population and a market value three times that of eBay
            
                (EBAY), wasn’t always an online shopping behemoth.  
    

            Founded in 2015 in Shanghai by Colin Huang, a former Google employee, the startup was fighting to establish itself in a market long dominated by e-commerce stalwarts Alibaba
            
                (BABA) and JD.com
            
                (JD).
    

            It succeeded by offering steep discounts on friends-and-family group buying orders and focusing on lower-income rural areas.
    

            Pinduoduo posted triple digit growth in monthly users until the end of 2018, the year it listed in New York. By the middle of 2020, though, the increase in monthly users had slowed to around 50% and would continue to decline, according to its earnings reports. 
    

            It was in 2020, according to a current Pinduoduo employee, that the company set up a team of about 100 engineers and product managers to dig for vulnerabilities in Android phones, develop ways to exploit them — and turn that into profit. 
    

            According to the source, who requested anonymity for fear of reprisals, the company only targeted users in rural areas and smaller towns initially, while avoiding users in megacities such as Beijing and Shanghai.
    

            “The goal was to reduce the risk of being exposed,” they said.
    

            By collecting expansive data on user activities, the company was able to create a comprehensive portrait of users’ habits, interests and preferences, according to the source.
    

            This allowed it to improve its machine learning model to offer more personalized push notifications and ads, attracting users to open the app and place orders, they said.
    

            The team was disbanded in early March, the source added, after questions about their activities came to light.
    

            PDD didn’t reply to CNN’s repeated requests for comment on the team.
    

            Approached by CNN, researchers from Tel Aviv-based cyber firm Check Point Research, Delaware-based app security startup Oversecured and Hyppönen’s WithSecure conducted independent analysis of the 6.49.0 version of the app, released on Chinese app stores in late February.
    

            Google Play is not available in China, and Android users in the country download their apps from local stores. In March, when Google suspended Pinduoduo, it said it had found malware in off-Play versions of the app.
    

            The researchers found code designed to achieve “privilege escalation”: a type of cyberattack that exploits a vulnerable operating system to gain a higher level of access to data than it’s supposed to have, according to experts.
    

            “Our team has reverse engineered that code and we can confirm that it tries to escalate rights, tries to gain access to things normal apps wouldn’t be able to do on Android phones,” said Hyppönen.
    

            The app was able to continue running in the background and prevent itself from being uninstalled, which allowed it to boost its monthly active user rates, Hyppönen said. It also had the ability to spy on competitors by tracking activity on other shopping apps and getting information from them, he added.
    

            Check Point Research additionally identified ways in which the app was able to evade scrutiny.
    

            The app deployed a method that allowed it to push updates without an app store review process meant to detect malicious applications, the researchers said.
    

            They also identified in some plug-ins the intent to obscure potentially malicious components by hiding them under legitimate file names, such as Google’s.
    

            “Such a technique is widely used by malware developers that inject malicious code into applications that have legitimate functionality,” they said.
    

            In China, about three quarters of smartphone users are on the Android system. Apple
            
                (AAPL)’s iPhone has 25% market share, according to Daniel Ives of Wedbush Securities.
    

            Sergey Toshin, the founder of Oversecured, said Pinduoduo’s malware specifically targeted different Android-based operating systems, including those used by Samsung, Huawei, Xiaomi and Oppo.
    

            CNN has reached out to these companies for comment.
    

            Toshin described Pinduoduo as “the most dangerous malware” ever found among mainstream apps.
    

            “I’ve never seen anything like this before. It’s like, super expansive,” he said.
    

            Most phone manufacturers globally customize the core Android software, the Android Open Source Project (AOSP), to add unique features and applications to their own devices. 
    

            Toshin found Pinduoduo to have exploited about 50 Android system vulnerabilities. Most of the exploits were tailor made for customized parts known as the original equipment manufacturer (OEM) code, which tends to be audited less often than AOSP and is therefore more prone to vulnerabilities, he said.
    

            Pinduoduo also exploited a number of AOSP vulnerabilities, including one which was flagged by Toshin to Google in February 2022. Google fixed the bug this March, he said.
    

                    I’ve never seen anything like this before. It’s like, super expansive.
                

                    Sergey Toshin, Android security expert
                

            According to Toshin, the exploits allowed Pinduoduo access to users’ locations, contacts, calendars, notifications and photo albums without their consent. They were also able to change system settings and access users’ social network accounts and chats, he said.
    

            Of the six teams CNN spoke to for this story, three did not conduct full examinations. But their primary reviews showed that Pinduoduo asked for a large number of permissions beyond the normal functions of a shopping app.
    

            They included “potentially invasive permissions” such as “set wallpaper” and “download without notification,” said René Mayrhofer, head of the Institute of Networks and Security at the Johannes Kepler University Linz in Austria.  
    

            Suspicions about malware in Pinduoduo’s app were first raised in late February in a report by a Chinese cybersecurity firm called Dark Navy. Even though the analysis didn’t directly name the shopping giant, the report spread quickly among other researchers, who did name the company. Some of the analysts followed up with their own reports confirming the original findings.
    

            Soon after, on March 5, Pinduoduo issued a new update of its app, version 6.50.0, which removed the exploits, according to two experts who CNN spoke to.
    

            Two days after the update, Pinduoduo disbanded the team of engineers and product managers who had developed the exploits, according to the Pinduoduo source.
    

            The next day, team members found themselves locked out of Pinduoduo’s bespoke workplace communication app, Knock, and lost access to files on the company’s internal network. Engineers also found their access to big data, data sheets and the log system revoked, the source said.
    

            Most of the team were transferred to work at Temu. They were assigned to different departments at the subsidiary, with some working on marketing or developing push notifications, according to the source.
    

            A core group of about 20 cybersecurity engineers who specialize in finding and exploiting vulnerabilities remain at Pinduoduo, they said.
    

            Toshin of Oversecured, who looked into the update, said although the exploits were removed, the underlying code was still there and could be reactivated to carry out attacks. 
    

            Pinduoduo has been able to grow its user base against a backdrop of the Chinese government’s regulatory clampdown on Big Tech that began in late 2020.
    

            That year, the Ministry of Industry and Information Technology launched a sweeping crackdown on apps that illegally collect and use personal data. 
    

            In 2021, Beijing passed its first comprehensive data privacy legislation. 
    

            The Personal Information Protection Law stipulates that no party should illegally collect, process or transmit personal information. They’re also banned from exploiting internet-related security vulnerabilities or engaging in actions that endanger cybersecurity.
    

            Pinduoduo’s apparent malware would be a violation of those laws, tech policy experts say, and should have been detected by the regulator. 
    

            “This would be embarrassing for the Ministry of Industry and Information Technology, because this is their job,” said Kendra Schaefer, a tech policy expert at Trivium China, a consultancy. “They’re supposed to check Pinduoduo, and the fact that they didn’t find (anything) is embarrassing for the regulator.”
    

            The ministry has regularly published lists to name and shame apps found to have undermined user privacy or other rights. It also publishes a separate list of apps that are removed from app stores for failing to comply with regulations.
    

            Pinduoduo did not appear on any of the lists.
    

                    They’re supposed to check Pinduoduo, and the fact that they didn’t find (anything) is embarrassing for the regulator.
                

                    Kendra Schaefer, tech policy expert 
                

            CNN has reached out to the Ministry of Industry and Information Technology and the Cyberspace Administration of China for comment.
    

            On Chinese social media, some cybersecurity experts questioned why regulators haven’t taken any action.
    

            “Probably none of our regulators can understand coding and programming, nor do they understand technology. You can’t even understand the malicious code when it’s shoved right in front of your face,” a cybersecurity expert with 1.8 million followers wrote last week in a viral post on Weibo, a Twitter-like platform.
    

            The post was censored the next day.
    

  CNN’s Kristie Lu Stout and Sean Lyngaas contributed reporting.

Most stock quote data provided by BATS. US market indices are shown in real time, except for the S&P 500 which is refreshed every two minutes. All times are ET. Factset: FactSet Research Systems Inc. All rights reserved. Chicago Mercantile: Certain market data is the property of Chicago Mercantile Exchange Inc. and its licensors. All rights reserved. Dow Jones: The Dow Jones branded indices are proprietary to and are calculated, distributed and marketed by DJI Opco, a subsidiary of S&P Dow Jones Indices LLC and have been licensed for use to S&P Opco, LLC and CNN. Standard & Poor’s and S&P are registered trademarks of Standard & Poor’s Financial Services LLC and Dow Jones is a registered trademark of Dow Jones Trademark Holdings LLC. All content of the Dow Jones branded indices Copyright S&P Dow Jones Indices LLC and/or its affiliates. Fair value provided by IndexArb.com. Market holidays and trading hours provided by Copp Clark Limited.
© 2025 Cable News Network. A Warner Bros. Discovery Company. All Rights Reserved.  CNN Sans ™ & © 2016 Cable News Network.",1
"A Syrian who arrived in Germany as a refugee in 2015 has won a mayoral election in the southwestern German state of Baden-Württemberg.
    

            Ryyan Alshebl, who left his hometown of As Suwayda in Syria eight years ago, ran as an independent in the municipality of Ostelsheim. He won 55.41% of the votes on Sunday, beating two German candidates, Marco Strauss and Mathias Fey.  
    

            Locals cheered the 29-year-old when he welcomed his win, a victory he described as “sensational,” German local broadcaster SWR reported Monday. 
    

            “Today, Ostelsheim sent an example for broad-mindedness and cosmopolitanism for the whole of Germany,” he said, according to to German public broadcaster ZDF. “That’s not something that can be taken for granted in a conservative, rural area.”                                          
    

            Alshebl’s first call after his victory was to his mother in Syria, who was thrilled with the news, SWR reported.
    

            The Association of Municipalities of Baden-Württemberg said Alshebl is the first man with Syrian roots to run for and win a mayor’s office. He will start his role in June. 
    

Related article
'You are not a refugee.' Roma refugees fleeing war in Ukraine say they are suffering discrimination and prejudice


            Ostelsheim residents have welcomed their incoming mayor. “The fairy tale has come true, and the right man has become our mayor,” Annette Keck, who lives in the village, told SWR.
    

            Strauss, one of his opponents, congratulated Alshebl. “I wish you good luck and at the same time ask for support for Mr. Alshebl, for our shared Ostelsheim,” he said on Facebook.  
    

            The state’s Integration Minister Manne Lucha said that Alshebl’s victory showed that diversity is a natural part of Baden-Württemberg. “I would be very pleased if Ryyan Alshebl’s election encourages more people with a migration history to run for political office,” he said. 
    

            Not everyone has been so warm to the 29-year-old. ZDF reported the Syrian received hateful comments on the campaign trail. 
    

            The young politician went from house to house, promoting his election program, and “the experiences were predominantly positive,” but there was also a minority of far-right fringe voters in Ostelsheim that did not want to accept him due to his Syrian roots, Alshebl told ZDF.
    

            Born to a schoolteacher and agricultural engineer in Syria, Alshebl described his life as carefree until the age of 20, according to his campaign website. 
    

            At the time, protests against the Syrian government that began in 2011 soon devolved into chaotic war. The fighting and later rise of ISIS forced 10.6 million people from home by late 2015 – about half of Syria’s pre-war population. 
    

            Alshebl faced the dilemma of being drafted for military service with the Syrian army or leaving the country, according to his website. 
    

            While many Syrians were displaced internally or fled to countries in the region, others like Alshebl made the dangerous journey to Europe. He was 21 years old at the time, and said he crossed from Turkey to the Greek island of Lesbos in a rubber dinghy. 
    

            Former German Chancellor Angela Merkel had implemented a brief open-door policy in 2015 that saw the country take in about 1.2 million asylum seekers in the following years, including Alshebl. 
    

Related article
They were welcomed into British homes. Celebrating their first Christmas together, Ukrainians wonder if that hospitality will last


            The move sparked a backlash in Germany and the sudden growth of the far-right, anti-immigration Alternative for Germany (AfD) in the wake of summer 2015.
    

            Once in Germany, Alshebl lived close to Ostelsheim and said at the time he felt “there is only one thing you can do: get back on your feet quickly and start investing in your own future quickly.” 
    

            For the last seven years he worked in the administration of Althengstett town hall, in a neighboring town. He drew from his experience, he said in his campaign, and made digital access to to public administration services one of priorities. Flexible childcare and climate protections are also on his agenda. 
    

            Alshebl, who is a member of the Green Party and now has German citizenship, pledged during his campaign that once elected as mayor he would move to Ostelsheim.
    
© 2025 Cable News Network. A Warner Bros. Discovery Company. All Rights Reserved.  CNN Sans ™ & © 2016 Cable News Network.",1
"It was just six months ago that Graham Potter was deemed the man to usher in a fresh, exciting era at Chelsea.
    

            The club’s new ownership group, led by American businessman Todd Boehly, had enticed Potter away from Brighton with the promise of managing one of the most lucrative teams in world soccer.
    

            More than $600 million was spent on bringing big-name players to the club and Potter, one of the most exciting young managers in the Premier League, was to mold them into a winning machine. 
    

Related article
Chelsea has spent over $600 million on new signings. Here's why that's significant


            But, on Sunday, the club announced that it had sacked its manager after an underwhelming spell in charge.
    

            Potter managed to win just 10 of the 28 league matches this season and leaves the team 11th in the Premier League table. 
    

            In recent weeks, players had looked a shadow of their former selves and many fans had lost confidence that Potter’s plan for the club could ever work. 
    

            Eventually, after previously sticking by its manager, Blues ownership agreed. 
    

            “On behalf of everyone at the club, we want to thank Graham sincerely for his contribution to Chelsea,” the club’s co-owners Todd Boehly and Behdad Eghbali said in a statement.
    

            “We have the highest degree of respect for Graham as a coach and as a person. He has always conducted himself with professionalism and integrity and we are all disappointed in this outcome.” 
    

            In his previous role as Brighton manager, Potter was given time to stamp his identity on the squad. 
    

            The club was punching above its weight financially and, as a result, carefully selected new signings which would compliment Potter’s style of play. 
    

            The approach paid off as the team became an established Premier League outfit which has gone on to greater things this season – the Seagulls currently sit sixth in the league and in the UEFA Conference League qualification spot.
    

            At Chelsea, it seemed the complete opposite. 
    

            As was the case under previous owner Roman Abramovich, the club expected instant results and used its financial weight to sign a number of high-profile names, including the likes of Enzo Fernández and Mykhailo Mudryk.
    

            Despite his impressive CV, Potter had never managed superstars and suddenly found himself in a changing room with multiple.
    

            The scatter gun approach to recruitment also left the team lacking balance and organization with Potter failing to get a tune out of a team busting with talent. 
    

            In truth, many had raised an eyebrow when Potter, inexperienced at the very top level, was chosen to replace Thomas Tuchel as manager.
    

            Despite falling out of favor with fans by the end of his tenure, Tuchel had guided Chelsea to the Champions League title in 2021 and is still considered by many as one of the best coaches in the world. 
    

            The German has gone on to sign with Bavarian giant Bayern Munich through the 2024/25 season and recently told reporters he needed “quite a bit of time to distance himself from Chelsea” because leaving the club had hurt him. 
    

Related article
Bayern Munich sacks manager Julian Nagelsmann, appoints Thomas Tuchel


            “Todd [Boehly] said he would be different to Roman [Abramovich],” former Liverpool player and current pundit Jamie Carragher wrote on Twitter. 
    

            “I feel for Graham Potter, but it was inevitable. You don’t change Tuchel for Potter. Ridiculous decision to start with.” 
    

            With 10 games left in the league and a Champions League quarterfinal against Real Madrid on the horizon, Chelsea still has plenty to play for. 
    

            Assistant coach Bruno Saltor will take over on an interim basis, but Boehly and his team must now look for a long-term replacement capable – and willing – to bring order to Chelsea’s chaos. 
    

            Potter’s sacking is yet another sign of just how transient managers can be in the top-flight of English football, especially when results aren’t instantaneous. 
    

            There has now been a record 12 sackings in the Premier League so far this season, with Potter leaving his position the same day Leicester boss Brendan Rodgers was sacked from his.
    

            The previous record was 10 manager changes in a single season, set in four other campaigns, most recently in 2017/18.
    
© 2025 Cable News Network. A Warner Bros. Discovery Company. All Rights Reserved.  CNN Sans ™ & © 2016 Cable News Network.",1
"In a sea of Israeli flags, Yiftach Golov holds one that looks a little different. 
    

            Among the hundreds of thousands of protesters who took to the streets for the 13th week in a row on Saturday, Golov hoists a brown flag that represents a group called “Brother and Sisters in Arms.” 
    

            They are veterans – many, like Golov, from elite forces – who now feel they are fighting on a new battlefield: To save Israeli democracy. 
    

            “We believe this is our responsibility to go once again called to the flag of the nation to stop this madness to defend Israel,” Golov said, as he weaved his way through the protesters on Tel Aviv’s Kaplan street, between the high-rises that house many of Israel’s high tech companies. 
    

            During the second intifada, in the early 2000s, Golov served in a special forces reconnaissance unit. He was never before particularly political, focusing more on getting his PhD in biophysics from Tel Aviv University.  
    

            But when the protest movement against the Israeli government’s judicial overhaul plan began in January, Golov attended one a demonstration and soon became one of thousands of veterans, and now military reservists, who have taken up the cause as their new mission. 
    

            Some, including elite Air Force reservists, have taken it a step further, threatening not to heed the call to train or even serve in protest of the government’s plans planned judicial changes, which would give the governing parties more control over Israel’s judiciary.
    

            Others have taken to becoming some of the most active organizers and demonstrators. Last week, a group from Brothers and Sisters in Arms protested by carrying a figure wrapped in the Israeli flag on a stretcher, the way they would carry a wounded comrade off the field. 
    

            While Golov says he has not taken the drastic step to refuse service, he understands the motivation. 
    

            “We’re fighting for justice and liberty, just like the American story, that’s the values that that are being represented symbolized back when we look at our flag, that’s something that was lacking lacking for the last few decades. So basically, we reclaim the flag,” he said. 
    

Related video
Palestinian taxi driver recounts surviving attack by right-wing protesters


            Fellow members of the group, all wearing brown shirts with the organization’s logo, come up and say hello. They’re sprinkled all throughout the protests. One is even leading the “Pink Front,” a group of coordinated drummers who look like they are dressed for a rave, and often lead the chants at the protests. 
    

            They’re using skills they learned in the military – how to organize, how to mobilize – now for the protests. But more importantly, they say they have the same type of motivation. 
    

            “The very deep feeling that you are part of something bigger than yourself, that (you’re) allowed to sacrifice anything that is needed, whether it’s your career, health, seriously mental health,” Golov said. “We all have a mission, you’re willing to do it at any cost. You’re very determined, you know that you are on the right side, you’re carrying the torch of light. That keeps us being highly motivated despite the fact that we’re not sleeping for days.”
    

            Israel’s protest movement is made up of many disparate groups, but the pressure from Israel’s much vaunted veterans has been seen as a key to moving the needle. 
    

            Last Monday, after weeks of sustained protests and the largest general strike in Israeli history, Prime Minister Benjamin Netanyahu announced a pause to the legislation, to allow time for negotiations with the opposition. 
    

            But despite the announcements, protesters are still out in the streets in large numbers. CNN affiliate Channel 12 in Israel estimated the size of Saturday’s demonstration in Tel Aviv at about 150,000 people. Organizers claimed it was 230,000.
    

            Last week’s mass protests and widespread strike action came after Netanyahu said he had decided to fire Defense Minister Yoav Gallant for advocating a delay in passing the legislation – a move that Netanyahu has since delayed, sources told CNN, due to “the present security situation.”  


            In his televised speech calling for a delay, Gallant had said the pause in the legislation was needed “for the security of Israel,” citing the refusal of some Israel Defense Forces reservists to train in protest of the government plans. He said pressing ahead with the proposals could threaten Israel’s security. 
    

            Under pressure at home and from allies abroad, Netanyahu said he would delay votes on the remaining legislation until after the Knesset’s Passover recess in April “to give time for a real chance for a real debate.”  
    

            “Out of the responsibility to the nation, I decided to delay … the vote, in order to give time for discussion,” he added. 
    

            But Netanyahu indicated that the delay was only temporary. He insisted that the overhaul was necessary, and reiterated criticism of refusal to train or serve in the military in protest at the planned changes. “Refusing is the end of our country,” he said. 
    

            Many protesters don’t believe that the pause is real, or say it’s simply a stalling tactic to give Netanyahu some breathing room and get the protesters to go home before he plows on with the reforms. 
    

            “We will start doing deactivation only when we will know 100% that Israel state will stay a functional democratic country. Whatever needs to be done for that,” Golov said. 
    
© 2025 Cable News Network. A Warner Bros. Discovery Company. All Rights Reserved.  CNN Sans ™ & © 2016 Cable News Network.",1
"Paris Saint-Germain’s miserable season went from bad to worse on Sunday as the team suffered a second straight home defeat with a 1-0 loss to Lyon.
    

            Even before the game kicked off, Lionel Messi bore the brunt of the frustrations of some PSG fans who whistled when his name appeared on the big screen during the announcement of the starting lineup. 
    

Related article
Lionel Messi passes 100 international goals with hat-trick against Curaçao


            After Alexadre Lacazette missed a first-half penalty, Bradley Barcola’s goal 10 minutes into the second period was enough to earn Lyon the three points on a night that PSG rarely looked like threatening the visiting goal.
    

            Lens’ 1-0 victory over Rennes and Marseille’s 1-1 draw with Montepellier means both teams are now just six points behind PSG at the top of Ligue 1, and even the domestic title may slip from the team’s grasp.
    

            The reaction of some fans on Sunday must have felt a world away from the adulation and worship Messi received during his recent return to Argentina for friendlies against Panama and Curaçao as the country continued its World Cup celebrations.
    

            Messi’s arrival at the Parc des Princes was supposed to be the missing piece that would help PSG finally win the Champions League, the trophy the club’s Qatari owners crave the most.
    

            So far, the only major trophy the team has won since Messi joined was Ligue 1 last season, a title – it’s fair to say – PSG would likely have won without him.
    

            Messi has 34 goal contributions in all competitions for PSG this season – 18 goals and 17 assists – second only to Mbappé’s 38 and head coach Christophe Galtier refused to lay the blame for the team’s failures at the Argentine’s feet.
    

            “I found it [the jeering] hard to listen to,” Galtier told reporters, per the Athletic. “There may be expectations for Messi and Mbappe to unlock difficult situations. Messi tries very hard, they didn’t all work out; but around him, the other players also need to do their jobs.”
    

            “We can’t expect everything from Leo and Kylian,” he added.
    

Related article
Lionel Messi mania grips Argentina as World Cup celebrations continue


            Up next for PSG is a season-defining week as Galtier’s side travels to a Nice team that is unbeaten in 13 matches, before hosting Lens at the Parc des Princes.
    

            PSG has lost two of its three matches since being dumped out of the Champions League by Bayern Munich last month, and only limped past relegation-threatened Brest with a 90th minute Kylian Mbappé winner.
    

            After his team’s victory, Lyon head coach Laurent Blanc said the Champions League or bust mentality has been detrimental to PSG’s performances.
    

            “Paris’ problem is when the No. 1 objective of the Champions League is no longer accessible, it seems that the season no longer exists – and at all levels,” he told reporters.
    
© 2025 Cable News Network. A Warner Bros. Discovery Company. All Rights Reserved.  CNN Sans ™ & © 2016 Cable News Network.",1
"Editor’s Note: This article was originally published by The Art Newspaper, an editorial partner of CNN Style.


            Kwame Brathwaite, the pioneering activist and photographer whose work helped define the aesthetics of the “Black is Beautiful” movement of the 1960s and beyond, died on April 1, aged 85. 
    

            His son, Kwame Brathwaite, Jr, announced his father’s death in an Instagram post that read in part, “I am deeply saddened to share that my Baba, the patriarch of our family, our rock and my hero has transitioned.”
    

            Brathwaite’s work has been the subject of resurgent interest from curators, historians and collectors in recent years, and his first major institutional retrospective, which was organized by the Aperture Foundation, made its debut in 2019 at the Skirball Cultural Center in Los Angeles before touring the country.
    

            Brathwaite was born in 1938 to Barbadian immigrants, in what he referred to as “the People’s Republic of Brooklyn” in New York, though his family moved from there to Harlem and then to the South Bronx when Brathwaite was 5 years old. He attended the School of Industrial Art (now the High School of Art and Design) and, according to profiles of Brathwaite in T Magazine and Vice, was drawn to photography by two moments. The first was in August of 1955, when a 17-year-old Brathwaite encountered David Jackson’s haunting photograph of a brutalized Emmett Till in his open casket. The second was in 1956, when — after he and his brother Elombe co-founded the African Jazz Arts Society and Studios (AJASS) — Brathwaite saw a young man taking photos in a dark jazz club without the use of a flash, and his mind became alight with possibility.
    

            Using a Hasselblad medium-format camera, Brathwaite attempted to do the same, learning to work with limited light in a manner that enhanced the visual narrative of his imagery. He would soon also develop a darkroom technique that enriched and deepened how Black skin would appear in his photography, honing the practice in a small darkroom in his Harlem apartment. Brathwaite went on to photograph jazz legends performing throughout the 1950s and ’60s, including Miles Davis, John Coltrane, Thelonious Monk and others. 
    

            “You want to get the feeling, the mood that you’re experiencing when they’re playing,” Brathwaite told Aperture Magazine in 2017. “That’s the thing. You want to capture that.”
    

Related article
A 106-year-old from the Philippines is Vogue's oldest ever cover model 


            By the early 1960s, alongside the rest of AJASS, Brathwaite began using his photography and organizing prowess to consciously push back against whitewashed, Eurocentric beauty standards. The group came up with the concept of the Grandassa Models, young Black women whom Brathwaite would photograph, celebrating and accentuating their features. In 1962, AJASS organized “Naturally ’62”, a fashion show held in a Harlem club called the Purple Manor and featuring the models. The show would go on to be held regularly until 1992. In 1966, Brathwaite married his wife Sikolo, a Grandassa Model whom he had met on the street the year prior when he asked if he could take her portrait. The two remained married for the rest of Brathwaite’s life.
    

            By the 1970s, Brathwaite’s focus on jazz shifted to other forms of popular Black music. In 1974, he traveled to Africa with the Jackson Five to document their tour, also photographing the historic “Rumble in the Jungle” boxing match between Muhammad Ali and George Foreman in what’s now the Democratic Republic of Congo that same year. Commissions in this era also saw Brathwaite photographing Nina Simone, Stevie Wonder, Sly and the Family Stone, Bob Marley and other music legends.
    

Related article
Creating for community: The Black designers placing identity and heritage at the center of their brands 


            Throughout the ensuing decades, Brathwaite continued to explore and develop his mode of photography, all through the lens of the “Black is Beautiful” ethos. In 2016, Brathwaite joined the roster of Philip Martin Gallery in Los Angeles, and he was continuing to photograph commissions as recently as 2018, when he shot artist and stylist Joanne Petit-Frère for The New Yorker.
    

            T Magazine’s 2021 profile, published on the occasion of Brathwaite’s retrospective traveling to the Blanton Museum of Art in Austin, Texas, noted that the photographer’s health was failing such that he was unable to be interviewed for the article. A separate exhibition, “Kwame Brathwaite: Things Well Worth Waiting For,” is currently on view at the Art Institute of Chicago, where it will remain until July 24.
    

Top image: Kwame Brathwaite, “Untitled (Sikolo Brathwaite, Orange Portrait),” 1968

© 2025 Cable News Network. A Warner Bros. Discovery Company. All Rights Reserved.  CNN Sans ™ & © 2016 Cable News Network.",1
© 2025 Cable News Network. A Warner Bros. Discovery Company. All Rights Reserved.  CNN Sans ™ & © 2016 Cable News Network.,1
"Sign up for CNN’s Wonder Theory science newsletter. Explore the universe with news on fascinating discoveries, scientific advancements and more.


            Astronauts who will helm the first crewed moon mission in five decades were revealed on Monday, queuing up the quartet to begin training for the historic Artemis II lunar flyby that is set to take off in November 2024.
    

            The astronauts are NASA’s Reid Wiseman, Victor Glover and Christina Koch, and Jeremy Hansen of the Canadian Space Agency.
    

Wiseman is a 47-year-old decorated naval aviator and test pilot who was first selected to be a NASA astronaut in 2009. A native of Baltimore, Maryland, he’s completed one prior spaceflight, a 165-day trip to the International Space Station that had launched aboard a Russian Soyuz rocket in 2014. Most recently, Wiseman served as chief of the astronaut office before stepping down in November 2022, making him eligible for a flight assignment. 
    

            Wiseman will serve as commander of the Artemis II mission.
    

            Hansen, 47, is a fighter pilot who was selected by the Canadian Space Agency for astronaut training in 2009. From London, Ontario, Hansen is one of only four active Canadian astronauts, and he recently became the first Canadian to be put in charge of training for a new class of NASA astronauts.     
    

            He will be the first Canadian ever to travel to deep space. 
    

Glover is a 46-year-old naval aviator who returned to Earth from his first spaceflight in 2021 after piloting the second crewed flight of SpaceX’s Crew Dragon spacecraft and spending nearly six months aboard the International Space Station.
    

            “It’s so much more than the four names that have been announced,” Glover said during the Monday announcement at NASA Johnson Space Center in Houston. “We need to celebrate this moment in human history. … It is the next step in the journey that will get humanity to Mars.”
    

            Glover, born in Pomona, California, served in several military squadrons in the United States and Japan in the 2000s, and he completed test pilot training with the US Air Force. When he was selected for the NASA astronaut corps in 2013, he was working in the US Senate as a legislative fellow. All told, Glover logged 3,000 flight hours in more than 40 aircraft, over 400 carrier arrested landings and 24 combat missions.
    

            Glover’s first mission to space was as part of the SpaceX Crew-1 team, which launched to the International Space Station in November 2020 for a six-month stay on the orbiting laboratory.
    

Koch, 44, is a veteran of six spacewalks — including the first all-female spacewalk in 2019. She holds the record for the longest single spaceflight by a woman, with a total of 328 days in space. Koch is also an an electrical engineer who helped develop scientific instruments for multiple NASA mission. Koch, a native of Grand Rapids, Michigan, also spent a year at the South Pole, an arduous stay that could well prepare her for the intensity of a moon mission.
    

            The Artemis II mission will build on Artemis I, an uncrewed test mission that sent NASA’s Orion capsule on a 1.4 million-mile voyage to lap the moon that concluded in December. The space agency deemed that mission a success and is still working to review all the data collected.
    

            If all goes to plan, Artemis II will take off around November 2024. The crew members, strapped inside the Orion spacecraft, will launch atop a NASA-developed Space Launch System rocket from NASA’s Kennedy Space Center in Florida.
    

            The journey is expected to last about 10 days and will send the crew out beyond the moon, potentially further than any human has traveled in history, though the exact distance is yet to be determined.
    

            The “exact distance beyond the Moon will depend on the day of liftoff and the relative distance of the Moon from the Earth at the time of the mission,” NASA spokesperson Kathryn Hambleton said via email.
    

            After circling the moon, the spacecraft will return to Earth for a splashdown landing in the Pacific Ocean.
    

            Artemis II is expected to pave the way for the Artemis III mission later this decade, which NASA has vowed will put the first woman and person of color on the lunar surface. It will also mark the first time humans have touched down on the moon since the Apollo program ended in 1972.
    

            The Artemis III mission is expected to take off later this decade. But much of the technology the mission will require, including spacesuits for walking on the moon and a lunar lander to ferry the astronauts to the moon’s surface, is still in development.
    

            NASA is targeting a 2025 launch date for Artemis III, though the space agency’s inspector general has already said delays will likely push the mission to 2026 or later.
    

            The space agency has been seeking to return people to the moon for more than a decade. The Artemis program was designed to pave the way to establishing a permanent lunar outpost, allowing astronauts to live and work deeper into space long term as NASA and its partners map a path to sending the first humans to Mars.
    

            Vanessa Wyche, the director of NASA’s Johnson Space Center, declined to provide details to CNN about the selection process. But she emphasized the diversity of the Artemis II crew, which includes men and women rather than only a staff of White male test pilots as has been the case for historic missions of the past.
    

            “I can tell you, they still all have the right stuff,” Wyche said. “We have requirements different than we did (when we) just had test pilots” on inaugural missions.
    

            Koch said in an interview with CNN’s Ed Lavandera that the group found out they were selected a few weeks ago.
    

            “We were all sent to a meeting that was on our calendars under a different pretext that didn’t sound as lofty as the one it was going to be,” Koch said. “And accidentally two of us were very late to that meeting.”
    

            She said the offer rendered her “speechless.”
    

            “It truly is an honor,” she added. “It’s an honor — not to get myself in the space — but because it’s amazing to be a part of this team that’s going back to the moon and on to Mars.”
    

            An interview with the four astronauts will air on “CNN This Morning” on Tuesday, which starts at 6 am ET.
    

CNN’s Kristin Fisher contributed to this story.

© 2025 Cable News Network. A Warner Bros. Discovery Company. All Rights Reserved.  CNN Sans ™ & © 2016 Cable News Network.",1
"French government minister Marlene Schiappa has come under fire from members of her own party after appearing on the front cover of Playboy magazine. 
    

            Schiappa, who has been a government minister since 2017, appeared on the cover of the magazine to accompany a 12-page interview she did on women’s and LGBT rights. Schiappa, who is the current Minister for the Social Economy and French Associations, was photographed for the cover wearing a white dress.
    

            Schiappa has been a long-time advocate for women’s rights and was appointed as the country’s first ever Gender Equality Minister in 2017. In this role, she successfully spearheaded a new sexual harassment law which allows for on the spot fines to be issued to men who catcall, harass or follow women on the street. 
    

            Her appearance has drawn criticism from political colleagues including French Prime Minister Elisabeth Borne. 
    

            Borne pulled up Schiappa over the cover, telling her it “wasn’t appropriate, especially during this period,” CNN affiliate BFMTV reported Saturday, citing a source close to the prime minister. 
    

            France is currently in the throes of a political and social crisis triggered by French President Emmanuel Macron’s move to push ahead with controversial pension reforms despite widespread public opposition. 
    

            “We are in the middle of a social crisis, there is the issue of policing, there are people between life and death, and I have the impression of being behind a smoke screen,” Sandrine Rousseau, Green Party politician and fellow women’s rights activist, told BFMTV Friday. 
    

Related article
France wracked by more pension protests amid rising violence on the streets


            French politician, Jean Luc Mélenchon who came third in the 2022 presidential elections criticized both Schiappa’s appearance and the decision by French President Emmanuel Macron to give an interview to children’s magazine, Pif Gadget, this week. 
    

            “In a country where the President expresses himself in Pif and his minister in Playboy, the problem would be the opposition. France is going off the rails,” Mélenchon tweeted Saturday. 
    

            Schiappa responded to her critics in a tweet on Saturday, saying: “Defending the right of women to have control of their bodies, that’s everywhere and all the time. In France, women are free. With all due respect to the detractors and hypocrites.”
    

            French Interior Minister, Gérald Darmanin came to Schiappa’s defense during an interview with French news channel CNews on Sunday calling her a “woman of character.”
    

            “I wanted to say that Marlene Schiappa is a courageous female politician who has her character and who has her style which is not mine, but I respect,” he remarked. 
    
© 2025 Cable News Network. A Warner Bros. Discovery Company. All Rights Reserved.  CNN Sans ™ & © 2016 Cable News Network.",1
"The Chinese spy balloon that transited the US earlier this year was able to capture imagery and collect some signals intelligence from US military sites, a source familiar with the matter tells CNN. 
    

            The balloon was able to transmit information back to Beijing in real time, the source said, and the US government still does not know for sure whether the Chinese government could wipe the balloon’s data as it received it. That raises questions about whether there is intelligence the balloon was able to gather that the US still doesn’t know about. 
    

            Still, the intelligence community has not been overly concerned about the information the balloon was able to gather, the person said, because it is not much more sophisticated than what Chinese satellites are able to glean as they orbit over similar locations. 
    

            A US intelligence official told CNN on Monday that “although analysis of the wreckage of the High Altitude Balloon remains ongoing, thus far, its flight over the United States does not appear to have provided critical new insights to the People’s Republic of China.”
    

            The US also knew what the balloon’s path would be and was able to protect sensitive sites and censor some signals before the balloon was able to pick them up, officials have said. 
    

            As CNN has reported, the US intelligence community last year developed a method of tracking what it says is a fleet of these Chinese balloons operating across the globe, controlled by the Chinese military.
    

            The FBI is still examining the balloon, but so far officials have been able to glean additional information about how the device worked, including the algorithms used for the balloon’s software and how it is powered and designed. 
    

            CNN has reached out to the National Security Council at the White House and the Pentagon for comment. NBC was first to report on the new intelligence.
    

            The balloon first crossed into US airspace over Alaska in late January before passing through Canada and down into Montana, where it hovered for a few days, leading the US to believe it was trying to surveil sensitive military sites, like Malmstrom Air Force Base in Montana. It was eventually shot down by the US off the East Coast on February 4, and the incident further escalated tensions between Washington and Beijing, including the postponement of a diplomatic visit by US Secretary of State Antony Blinken to China.
    

            A senior State Department official said in February that, as the balloon floated across the US, it “was capable of conducting signals intelligence collection operations.”
    

            Gen. Glen VanHerck, the commander of US Northern Command and NORAD, said at the time that the US “did not assess” that the balloon “presented a significant collection hazard beyond what already exists in actionable technical means from the Chinese.” 
    

            The surveillance program, which includes a number of similar balloons, is in part run out of the small Chinese province of Hainan, officials told CNN. The US does not know the precise size of the fleet of Chinese surveillance balloons, but sources tell CNN that the program has conducted at least two dozen missions over at least five continents in recent years.
    

            Roughly half a dozen of those flights have been within US airspace, although not necessarily over US territory, according to one official familiar with the intelligence.
    

            China has maintained that the balloon was actually just a weather balloon thrown off course, and the US has been assessing the possibility that it was not deliberately maneuvered into the continental US by the Chinese government, CNN has reported. 
    

            Still, China did maintain some ability to maneuver the balloon, officials believe. And once the balloon was over Montana, China appeared to take advantage of its position to loiter over sensitive sites and try to collect intelligence.
    

This story has been updated with additional reporting.


  CNN’s Alex Marquardt contributed to this report.

© 2025 Cable News Network. A Warner Bros. Discovery Company. All Rights Reserved.  CNN Sans ™ & © 2016 Cable News Network.",1
© 2025 Cable News Network. A Warner Bros. Discovery Company. All Rights Reserved.  CNN Sans ™ & © 2016 Cable News Network.,1
"Our live coverage of Trump’s historic indictment has moved. 


            Acting New York Supreme Court Judge Juan Merchan wrote his Monday night order that the media’s request to broadcast the arraignment of former President Donald Trump was understandable, but that the news organizations’ interests in providing the broadest possible access to the proceedings must be weighed against “competing interests.”
    

            In rejecting the request to broadcast the arraignment live on television, Merchan still wrote about the historical significance of the proceeding in stark terms. 
    

                    “That this indictment involves a matter of monumental significance cannot possibly be disputed. Never in the history of the United States has a sitting or past President been indicted on criminal charges. Mr. Trump’s arraignment has generated unparalleled public interest and media attention,” he wrote. “The populace rightly hungers for the most accurate and current information available. To suggest otherwise would be disingenuous.”
                



            News outlets will not be allowed to broadcast former President Donald Trump’s arraignment on Tuesday in a New York state court, a judge said Monday night, but he will allow some photographers to take pictures in the courtroom before the proceedings formally begin.
    

            Acting New York Supreme Court Judge Juan Merchan rejected the request by several media organizations, including CNN, for permission to broadcast the historic proceedings. Trump’s arraignment — like most arraignments in the Manhattan courthouse — is a public proceeding, but news cameras are not usually allowed to broadcast from inside the courtroom.
    

            However, the judge is allowing five pool photographers to take still photos at the beginning of the proceedings “until such time as they are directed to vacate the jury box by court personnel.”
    

            Earlier on Monday, Trump’s lawyers urged the judge to reject the media’s request for live cameras in the courtroom. The Manhattan District Attorney’s office told the judge they didn’t have a position. 
    

            The media outlets that tried to get cameras into the courtroom argued that “the gravity of this proceeding … and, consequently, the need for the broadest possible public access, cannot be overstated.” 
    

            Trump is now in Manhattan ahead of the arraignment. A grand jury indicted the former president last week.
    

            The arraignment is also expected to bring the unsealing of the criminal charges against Trump, which have not yet been seen by his lawyers or the public.
    

            The indictment stems from Manhattan District Attorney Alvin Bragg’s investigation into hush-money payments, made during the 2016 presidential campaign, to women who claimed they had extramarital affairs with Trump, which he denies. 
    

            Trump denies all wrongdoing and his lawyers said last week that they’ll fight to get the charges dropped. 
    

            Donald Trump is not planning to speak publicly in New York on Tuesday, aides say, if he follows advice from members of his legal team who have urged the former President to refrain from the vitriol he’s been directing toward the prosecutor and judge presiding over the case.
    

            But that restraint does not extend to Florida, aides said, where he is planning to deliver a full-throated defense of his New York case as well as other investigations he is facing during a prime time address from Mar-a-Lago on Tuesday night.
    

            It’s the first test to see whether Trump can navigate two vasty different approaches to his legal case and his political campaign, which are now inextricably linked.
    

                    “He’s taking this very seriously and following legal advice,” an adviser to Trump said Monday night. “He will make his case to Americans Tuesday night at Mar-a-Lago.”
                



            Alina Habba, who represents Donald Trump in several civil matters, spent time with the former president in New York today and said, “He’s in good spirits. Honestly, he’s as he normally would be. He’s ready to go in and do what he needs to do tomorrow.”
    

            Habba — appearing on on Fox News’ “Jesse Watters” — was asked about the “game plan” for Trump’s appearance in court in Manhattan Tuesday and said, “It’s all mapped out.”
    

            She added, “Barring any surprises, I think that it should be smooth. We’re trying to coordinate and cooperate with everybody to make sure that there are no problems.”
    

            On whether Trump can get a fair trial in Manhattan, Habba said, “No, no. I think it’s very difficult. I’d like to have faith in this state, but I’ve been practicing for him now for a couple years and gone to court in New York for a few years, and I can tell you, it’s not the same as representing anybody else.”
    

            Former President Donald Trump met with his attorneys Susan Necheles and Joe Tacopina at Trump Tower after arriving in New York City Monday, a source familiar with the meeting told CNN. 
    

            It is unclear if the newest addition to Trump’s New York legal team, Todd Blanche, attended the meeting.
    

            Trump is expected to be arraigned Tuesday. 
    

            Former President Donald Trump has landed in New York’s La Guardia Airport ahead of his expected Tuesday arraignment in a Manhattan courthouse. 
    

            History was made Thursday when he was indicted by a New York grand jury. It’s the first time that a current or former US president has been criminally charged.
    

            The Manhattan district attorney’s office has been investigating Trump’s alleged role in a hush money payment scheme and cover-up involving adult film star Stormy Daniels that dates to the 2016 presidential campaign.
    

            Trump’s attorney said he plans to file “substantial” legal challenges. The former president has repeatedly denied wrongdoing in the matter and accused Democrats of targeting him politically.
    

See more photos of the days leading up to Trump’s indictment:


            A small group of supporters chanted as former President Donald Trump arrived at his namesake tower on Monday afternoon, with a handful of people waving banners with messages like “Trump won” and “Arrest Biden.”
    

            While Trump couldn’t see his admirers as he entered a side door on 56th Street, his arrival came with more fanfare and security than at any other time in his post presidency.
    

            Now that he is inside the building — where he launched his presidential bid nearly eight years ago — Trump is expected to meet with lawyers and political advisers on the eve of his arraignment, an aide told CNN. 
    

            Trump’s mood was described by an adviser as “defiant and focused,” as he watched expansive television coverage while flying back to his native New York City from Florida. 
    

            Special counsel prosecutors have secured evidence including daily notes, texts, emails and photographs and are focused on cataloging how Donald Trump handled classified records around the Mar-a-Lago resort and those who may have witnessed the former president with them, according to multiple sources familiar with the investigation.
    

            The new details come amid signs the Justice Department is taking steps that are typically near the end of an investigation.
    

            The recent investigative activity before a federal grand jury in Washington, DC, also includes subpoenaing witnesses in March and April who had previously spoken to investigators, the sources said. While the FBI interviewed many aides and workers at Mar-a-Lago nearly a year ago voluntarily, grand jury appearances are transcribed and under oath — an indication the prosecutors are locking in witness testimony.
    

            The focus of both the mishandling of records and obstruction of justice probes has remained on the actions of the former president, the sources say. That includes prosecutors pursuing evidence of Trump’s intent to keep classified records after he left the White House, plus his knowledge that the records remained in his possession after the Justice Department demanded their return last May.
    

            Witnesses are being questioned about what they saw in Trump’s private residential and work areas within the club, some of the sources said.
    

Read more about this here.


            Former President Donald Trump has arrived at his midtown Manhattan property Trump Tower. 
    

            He will stay at Trump Tower tonight and is expected to depart New York immediately after Tuesday’s arraignment to head back to Florida — where he plans to deliver remarks at his Mar-a-lago home. 
    

            President Joe Biden told CNN’s Betsy Klein he isn’t worried about unrest due to former President Donald Trump’s criminal indictment in New York. 
    

            “No, I have faith in the New York Police Department,” Biden said on Monday during a tour of a power generation facility in Fridley, Minnesota. 
    

            Asked if he had faith in the legal system, Biden replied: “Yes.”
    

            As former President Donald Trump walked down from his plane at La Guardia Airport on the eve of his arraignment, CNN’s Gloria Borger noted the unique situation he’s in.
    

            Trump is “one of the most famous people in the world, and he is a former president, presidential candidate, and now he’s a defendant. We haven’t seen that. It’s hard to kind of process that,” Borger said to CNN’s Dana Bash. 
    

            Borger also highlighted how Trump’s day in court is something he’s avoided for decades and that it will be a grievance he uses to rile up his supporters. 
    

                    “Donald Trump is somebody who’s probably tried to avoid his day in court for a very long time — decades. And now, you know, you have this man who is saying to people who support him, ‘You know I am your retribution.’ And he is going to make his grievance their grievance. And I think we’re going to see that play out over and over again, and we’ll see it play out in court with his attorney,” she said. 
                



            CNN’s Audie Cornish noted how Trump ending up in court seemed unavoidable given the “sheer number of investigations against him.” 
    

            Acting New York Supreme Court Judge Juan Merchan said he’ll likely issue a decision tonight on whether media outlets can broadcast former President Donald Trump’s arraignment on Tuesday.
    

            CNN is part of the media coalition that asked the judge for permission to broadcast the hearing.
    

More on this: Trump’s attorneys said in their letter to Merchan that he is required under court rules to take into account potential security concerns.
    

            “As Your Honor is well-aware, this case presents extraordinary security concerns (including Secret Service-related concerns) and we submit that any video or photography of the proceedings will only heighten these serious concerns,” they wrote.
    

            The Manhattan District Attorney’s office also responded Monday to the news outlets’ request and said that it was deferring to the judge to make a decision on how best to manage his courtroom.
    

Donald Trump — the first former president in history to face criminal charges — has arrived in New York for an expected arraignment on Tuesday after being indicted last week by a Manhattan grand jury.
    

            The former president will stay at Trump Tower tonight, according to a source familiar with his plans. But even before Trump’s appearance, his presence will be felt in the Manhattan courthouse Tuesday, as all trials and most other court activity is being halted before he is slated to arrive.
    

Here is what we know about tomorrow’s events: 


CNN’s John Miller, Jeremy Herb, Katelyn Polantz, Tierney Sneed, Sydney Kashiwagi, Kristen Holmes, Holmes Lybrand, Hannah Rabinowitz, Paula Reid, Alayna Treene, Gregory Clary and Devan Cole contributed reporting to this post. 


            Former President Donald Trump has landed in New York’s La Guardia Airport ahead of his expected Tuesday arraignment in a Manhattan courthouse. 
    

            The former president touched down shortly after 3:25 p.m. ET. 
    

            Trump faces more than 30 counts related to business fraud, CNN has reported, but the indictment remains under seal. He is the first current or former president to face criminal charges in American history. 
    

            He will spend Monday night at the Trump Tower, according to a source familiar with his plans.
    

            The Secret Service is scheduled to accompany Trump in the early afternoon Tuesday to the district attorney’s office, which is in the same building as the courthouse, where he is expected to be arraigned.
    

            The former president is expected to return to Florida shortly after his court appearance and has scheduled an event that evening to speak publicly.
    

            Lawyers for former President Donald Trump told a New York judge on Monday that they oppose the request by media outlets to broadcast Trump’s arraignment on Tuesday.
    

                    “We submit that the media request should be denied because it will create a circus-like atmosphere at the arraignment, raise unique security concerns, and is inconsistent with President Trump’s presumption of innocence,” the Trump team said in a letter to New York Supreme Court Judge Juan Merchant.
                



            Trump’s attorneys said in their letter to Acting New York Supreme Court Judge Juan Merchan that he is required under court rules to take into account potential security concerns.
    

            “As Your Honor is well-aware, this case presents extraordinary security concerns (including Secret Service-related concerns) and we submit that any video or photography of the proceedings will only heighten these serious concerns,” they wrote.
    

            Among the Trump lawyers signing the new letter was Todd Blanche, who, CNN reported, recently joined the former president’s legal team.
    

            Meanwhile, the Manhattan District Attorney’s office also responded Monday to the news outlets’ request, and said that it was deferring to the judge to decide how best to manage his court room.
    

            However, the district attorney’s office wrote that it would “be a defensible exercise of the Court’s discretion to exclude or restrict videography, photography, and radio coverage of the arraignment in the interest of avoiding potential prejudice to the defendant, maintaining an orderly proceeding, assuring the safety of the participants in the proceeding, or for other reasons within the Court’s broad authority to manage and control these proceedings.”
    

            But the prosecutors also noted that there “does not appear to be a categorical prohibition on cameras during an arraignment” under existing New York statutes and case law. 
    

            While the district attorney’s office stopped short of opposing the request, its lawyer pointed out to Merchan that a similar request for audio-video broadcasting was made for the 2021 arraignment in the tax fraud case against Trump Organization and its CFO Allen Weisselberg.
    

            The judge responded to that 2021 request by “allowing a limited number of still photographs to be taken prior to the commencement of proceedings,” the prosecutors noted Monday.
    

            CNN is one of the outlets requesting camera access for Tuesday’s arraignment.
    

            Former President Donald Trump has hired a new attorney to serve as lead counsel in his defense against charges brought by the Manhattan district attorney’s office, multiple sources tell CNN.
    

            Trump has hired Todd Blanche, who was most recently a partner at law firm Cadwalader, Wickersham & Taft. Blanche has previously represented Trump campaign manager Paul Manafort and Igor Fruman, a former associate of Rudy Giuliani who was also a key figure in Trump’s first impeachment trial. Politico was first to report the news of Blanche’s hiring. 
    

            Trump attorney’s Joe Tacopina and Susan Necheles will remain on Trump’s legal team.  
    

            Blanche’s hiring has been seen by some inside Trump’s orbit as a sidelining of Tacopina, who up until this point has been one of the most forward-facing attorney’s dealing with Trump’s defense. However, a senior adviser to Trump pushed back on that characterization and said the addition of Blanche was intended to add more legal firepower to Trump’s defense.
    

            When pressed by CNN’s Kaitlan Collins on Friday if Tacopina was the right lawyer in New York to take Trump to trial, another lawyer representing the former president, Tim Parlatore, pointed to a potential conflict of interest.
    

            “I know that Joe has certain potential conflict issues, given his prior contacts, with Stormy Daniels. So, who’s the right attorney, to take it to trial, is something that the client will have to decide. Ultimately, the decision of who to stand next to, before a jury, is a decision that only the client can make,” Parlatore said.
    

            Asked by CNN’s Paula Reid if he is still on the case and whether he will be in court tomorrow, Tacopina said: “Yes of course ! And I will be the lead trial lawyer when the bell rings!”
    

CNN’s Paula Reid contributed reporting to this post. 


            Senate Homeland Security Chairman Gary Peters said he has not seen any indication that protests in Washington, DC, over former President Donald Trump’s indictment will become dangerous. 
    

                    “I think you’re always going to be vigilant, so folks will be vigilant. Security and local law enforcement are certainly monitoring it,” he told reporters Monday. 
                



            Peters, who is also a member of Senate Democrat leadership, said it is unclear what effect the indictment will have on the Senate. “We don’t know what’s gonna transpire tomorrow, let alone what’s going to happen in the few weeks and months. I think we’d have to take a look at what the indictment is all about.”
    

            Former President Donald Trump has departed Florida and is en route to New York to face criminal charges. 
    

            His personalized Boeing 757 took off from the Palm Beach International Airport this afternoon at about 12:59 p.m. ET ahead of his Tuesday appearance in a Manhattan courtroom to be arraigned. 
    

            Trump, the first current or former president to face criminal charges in American history, is expected to land at New York’s LaGuardia airport around 3 p.m. ET, according to a source familiar with his plans. He will stay at Trump Tower tonight, the source told CNN. 
    

            Trump faces more than 30 counts related to business fraud, according to two sources familiar with the case. A New York grand jury handed down the sealed indictment late last week. The charges have yet to be made public.
    

            The former president is not expected to stay in New York City for very long. Immediately after his Tuesday court appearance, Trump plans to return to Florida, the source said, where he has scheduled an event to speak publicly. 
    

Track Trump’s plane from Florida to New York here. 


CNN’s Alta D. Spells and Jack Forrest contributed reporting to this post. 


            New York City Mayor Eric Adams warned GOP Rep. Marjorie Taylor Greene to “be on your best behavior” after the Republican firebrand said she will travel to the city to protest former President Donald Trump’s indictment.
    

            Adams made the statement at a press conference as New York security officials detailed plans ahead of Trump’s arrival in Manhattan for his arraignment scheduled on Tuesday. 
    

                    “While there may be some rabble rousers thinking about coming to our city tomorrow, our message is clear and simple: Control yourselves. New York City is our home, not a playground for your misplaced anger. We have the safest large city in America because we respect the rule of law in New York City. And although we have no specific threats, people like Marjorie Taylor Greene, who is known to spread misinformation and hate speech — she stated she is coming to town. While you’re in town, be on your best behavior,” Adams said.
                



            “As always, we will not allow violence or vandalism of any kind. And if one is caught participating in any act of violence, they will be arrested and held accountable. No matter who you are,” he added.
    

            New York City Mayor Eric Adams began his Monday news conference by reiterating that there have been “no specific credible threats” to the city in connection with former President Donald Trump’s travel to NYC for his arraignment.
    

            He encouraged all New Yorkers to “go on with their regular activities,” while noting that commuters and other people traveling about the city may experience “some disruptions” due to additional traffic and street closers near the courts in lower Manhattan.
    

            Adams issued a warning to any “rabble rousers” considering coming to New York because of Trump, saying his message is “is clear and simple: control yourselves.” 
    

            “New York City is our home, not a playground for your misplaced anger. We have the safest large city in America because we respect the rule of law in New York City,” Adams said.
    

            Some House Republicans are threatening to use the annual spending process to exact retribution on the Manhattan District Attorney’s office, as Trump’s congressional allies ratchet up their response to his indictment ahead of Tuesday’s arraignment.  
    

                    “I am disgusted with District Attorney Bragg’s office. They’ve spent thousands of dollars in federal funds to investigate President Trump and receive millions more in federal grants,” tweeted Rep. Andy Biggs, a former Freedom Caucus chairman. “Congress should immediately cease funding this weaponized office.”
                



            House Judiciary Committee Chairman Jim Jordan, who is a close ally of House Speaker Kevin McCarthy, echoed a similar sentiment on Fox News’ “Sunday Morning Futures.” 
    

                    “We control the power of the purse, and we’re going to look at the appropriations process and limit funds going to some of these agencies, particularly the ones engaged in the most egregious behavior,” Jordan said.
                



            In response to the House GOP’s previous inquiries into how federal funds were used in the probe, the Manhattan DA’s office disclosed in a letter on Friday that out of the more than one billion dollars in asset forfeiture funds it helped the federal government secure, approximately $5,000 was spent on expenses relating to Trump or the Trump organization between October 2019 and August 2021.
    

            Bragg’s office maintains that no federal grant money was used toward expenses in the Trump investigation. It shared details with Congress about the three federal grant programs the office participates in regarding its casework and stated in Friday’s letter, “no expenses incurred relating to this matter have been paid from funds that the Office receives through federal grant programs.”
    

            Former President Donald Trump’s legal team will look to challenge “every potential issue” in his indictment once the charges are unsealed, an attorney for the former president told CNN Sunday.


                    “We’re not doing anything at the arraignment because that would be showmanship and nothing more because we haven’t even seen the indictment yet. We will take the indictment, we will dissect it, the team will look at every – every – potential issue that we will be able to challenge and we will challenge it,” Joe Tacopina told CNN’s Dana Bash on “State of the Union.”
                



            Tacopina and other Trump lawyers have done several TV interviews in anticipation of the former president’s first appearance in court Tuesday, when he will learn the charges that the Manhattan grand jury has approved against him.
    

            At times, the lawyers have vowed to ask for the charges to be dismissed. But the full slate of charges still aren’t known. And crucially, a judge will ultimately determine if the law is sound enough for the case to move forward to trial.
    

            Former Manhattan District Attorney Cy Vance said in an interview with NBC News on Sunday, “We can speculate on what evidence we think they may or may not have, but even with the indictment published, we really will not know what the district attorney’s evidence is and what they would present at trial.” 
    

            Vance’s team investigated the case but did not charge it, leaving it under the purview of his successor, Alvin Bragg.
    

What we know so far: Trump faces more than 30 counts related to business fraud in the indictment. The investigation by the Manhattan district attorney’s office began when Trump was still in the White House and relates to a $130,000 payment made by his then-personal attorney Michael Cohen to adult film star Stormy Daniels in late October 2016, days before the presidential election, to silence her from going public about an alleged affair with Trump a decade earlier. Trump has denied the affair.
    

            The Trump team’s court strategy could center around challenging the case because it may rely on business record entries that prosecutors tie to hush money payments to Daniels seven years ago, beyond the statute of limitations for a criminal case.
    

            Tacopina suggested in TV interviews Sunday that the statute of limitations may be passed, and said the Trump businesses didn’t make false entries.
    

            “They’re not false entries. But assuming they were, they’re misdemeanors way beyond the statute of limitations, so they had to cobble them together to try and get a felony,” he said.
    

            Tacopina on Sunday also said a request to move the case to a different New York City borough isn’t on the table yet for Trump’s legal team.
    

            Alvin Bragg, a former New York state and federal prosecutor, drew national attention when he made history as the Manhattan District Attorney’s Office first Black district attorney. Now, he is back in the spotlight after a grand jury voted to indict Donald Trump after a yearslong investigation into the former president’s alleged role in a hush money scheme.
    

Here’s what you need to know:


The Harvard-educated attorney previously served as an assistant US attorney in the Southern District of New York, worked as a civil rights lawyer and as a professor and co-director of the New York Law School Racial Justice Project, where he represented family members of Eric Garner, who died in 2014 after being placed in an unauthorized chokehold by a then-police officer, in a lawsuit against the City of New York seeking information.
    

Bragg has aggressively pursued Trump and other progressive priorities so far in his tenure, including not prosecuting some low-level crimes and finding alternatives to incarceration.
    

            Before Bragg’s swearing-in last year, he had already worked on cases related to Trump and other notable names in his role as a New York state chief deputy attorney general.
    

            He said he had helped sue the Trump administration more than 100 times, as well as led a team that sued the Donald J. Trump Foundation, which resulted in the former president paying $2 million to a number of charities and the foundation’s dissolution.
    

            Bragg also led the suit against disgraced film producer Harvey Weinstein and his company, which alleged a hostile work environment.
    

Bragg emerged the winner in a crowded Democratic primary in the summer of 2021 to lead the coveted Manhattan District Attorney’s Office, for which Vance had announced earlier that year he would not seek reelection. While campaigning, he often spoke about his experience growing up in Harlem, saying he was once a 15-year-old stopped “numerous times at gunpoint by police.”
    

                    “In addition to being the first Black district attorney, I think I’ll probably be the first district attorney who’s had police point a gun at him,” he said during a victory speech, following his historic election to the office. “I think I’ll be the first district attorney who’s had a homicide victim on his doorstop. I think I’ll be the first district attorney in Manhattan who’s had a semi-automatic weapon pointed at him. I think I’ll be the first district attorney in Manhattan who’s had a loved one reenter from incarceration and stay with him. And I’m going to govern from that perspective.”
                



            Bragg ran as a reformer, releasing a memo just days after taking office detailing new charging, bail, plea and sentencing policies – a plan that drew criticism from police union leaders. He said his office would not prosecute marijuana misdemeanors, fare evading and prostitution, among other crimes.
    

            Alina Habba, an attorney representing former President Donald Trump in several civil matters, argued Trump shouldn’t need to take a mugshot, telling CNN This Morning, “There’s no need for theatrics.”
    

            Habba told host Don Lemon, “Mugshots are for people so that you recognize who they are. He’s the most recognized face in the world, let alone the country, right now, so there’s no need for that.” 
    

            Sources familiar with the preparations were uncertain as to whether there would be a mugshot.
    

            Trump’s attorney says she believes that the indictment will be unsealed “no matter what,” and accused Manhattan District Attorney Alvin Bragg of leaking the number of counts in the indictment. 
    

            When pressed by host Don Lemon about the claim, Habba declared, “it’s not speculation.”
    

            On Trump’s social media posts attacking the judge in the case, Habba said, “We have many judges, frankly, and I’m before some of them, who have shown a venomous vitriol against President Trump that is like nothing we’ve ever seen in the state of New York.” 
    

            She also called Bragg a “woke DA who’s now bringing a misdemeanor stacking it and trying to make it a felony” and dismissed the looming indictment as “30-34 counts of garbage.” 
    

            When asked about her role in searching Mar-a-Lago for documents, Habba said she wasn’t looking for classified documents, adding, “I was looking for tax documents in another garbage case by [New York Attorney General] Leticia James.”
    

            When pressed by Lemon about the accuracy of these claims, Habba responded, “I’m not in a deposition right now and I’m not going to continue this conversation.” She said her affidavit “is very public and I recommend you read it.”
    

            “Yes, that’s not a secret. I testified to the grand jury,” she acknowledged. 
    

            The Trump campaign says it raised more than $5 million in the 48 hours after the former president’s indictment. 
    

            “Poll after poll show this political persecution by the Manhattan DA has surged overwhelming support for President Trump,” campaign spokesperson Steven Cheung said in a statement. “Over $5 million in donations and more than 16,000 volunteer signups since the announcement of this witch-hunt hoax are key indicators that Americans from all backgrounds are sick and tired of the weaponization of the justice system against President Trump and his supporters.”
    

            CNN reported that Trump spent the weekend before his history-making arraignment playing golf, posting on social media, meeting with advisers, and calling and texting allies to tout the political positives of his recent indictment.
    

            He disclosed fundraising numbers and internal poll numbers in these conversations, and vowed to fight the charges, according to more than half a dozen people who spoke with the former president or members of his inner circle this weekend.
    

            Despite the initial shock of the indictment that caught Trump and his advisers “off-guard,” the former president has remained surprisingly calm and focused in the days ahead of his court appearance, according to the sources. Some believed he was compartmentalizing the situation, while others believed he was convinced the case against him was weak and would only help him politically.
    

            Sixty percent of Americans approve of the indictment of former President Donald Trump, according to a new CNN Poll conducted by SSRS following the news that a New York grand jury voted to charge him in connection with hush money payments made to adult film actress Stormy Daniels.
    

            About three-quarters of Americans say politics played at least some role in the decision to indict Trump, including 52% who said it played a major role. 
    

            Here’s how views about the indictment break down by political affiliation: 
    

            While views on the indictment are split along party lines, the poll finds that majorities across major demographic divides all approve of the decision to indict the former president. That includes gender (62% of women, 58% of men), racial and ethnic groups (82% of Black adults, 71% of Hispanic adults, 51% of White adults), generational lines (69% under age 35; 62% age 35-49; 53% age 50-64; 54% 65 or older) and educational levels (68% with college degrees, 56% with some college or less). 
    

            A scant 10% overall see Trump as blameless regarding payments made to Daniels, but Americans are divided about whether his actions were illegal or merely unethical. About 4 in 10 say he acted illegally (37%), 33% unethically but not illegally, and another 20% say they aren’t sure. Only 8% of political independents say Trump did nothing wrong, and among the rest, they are mostly on board with the indictment even if they aren’t already convinced Trump did something illegal.
    

            The survey suggests that the indictment has not had a major effect on views of Trump personally. The poll finds his favorability rating at 34% favorable to 58% unfavorable, similar to his standing in a January CNN poll, in which 32% held a favorable view of the former president and 63% an unfavorable one. Among Republicans, 72% hold a favorable view in the new poll, similar to the 68% who felt that way in January. 
    

Note: The CNN poll was conducted by SSRS on March 31 and April 1 among a random national sample of 1,048 adults surveyed by text message after being recruited using probability-based methods. Results for the full sample have a margin of sampling error of plus or minus 4.0 percentage points. It is larger for subgroups.
    

Correction: This post has been updated to reflect the correct percentage of independents who approve of the indictment of former President Donald Trump.


            Former President Donald Trump is headed to New York this week for an expected arraignment on Tuesday after being indicted last week by a Manhattan grand jury. Here is what we know:
    

What will it look like and will Trump be handcuffed?


Will the arraignment be televised? Several media outlets, including CNN, have asked a New York judge to unseal the indictment and for permission to broadcast Trump’s expected appearance in the courtroom on Tuesday. If the judge does not grant the media outlets’ unsealing request, it is expected that the indictment will be made public when Trump appears in court.
    

Who’s the presiding judge? Judge Juan Merchan is no stranger to Trump’s orbit. Merchan, an acting New York Supreme Court justice, has sentenced Trump’s close confidant Allen Weisselberg to prison, presided over the Trump Organization tax fraud trial and overseen former adviser Steve Bannon’s criminal fraud case.
    

            Merchan does not stand for disruptions or delays, attorneys who have appeared before him told CNN, and he’s known to maintain control of his courtroom even when his cases draw considerable attention. Trump attorney Timothy Parlatore said during an interview Friday on CNN that Merchan was “not easy” on him when he tried a case before him but that he will likely be fair.
    

How might Trump’s team fight the charges? Trump attorney Joe Tacopina told CNN’s Dana Bash Sunday that the former president will plead not guilty. His team “will look at every potential issue that we will be able to challenge, and we will challenge,” Tacopina said.
    

            The Trump team’s court strategy could center around challenging the case because it may rely on business record entries that prosecutors tie to hush money payments to Daniels seven years ago, beyond the statute of limitations for a criminal case. Tacopina suggested in TV interviews Sunday the statute of limitations may have passed, and said the Trump businesses didn’t make false entries.
    

How is this affecting the Trump campaign? Trump’s team says it has raised more than $5 million dollars since he was indicted Thursday. Despite the initial shock of the indictment, the former president has remained surprisingly calm and focused in the days ahead of his court appearance, CNN’s Kristen Holmes reported.
    

CNN’s John Miller, Jeremy Herb, Katelyn Polantz, Tierney Sneed, Sydney Kashiwagi, Kristen Holmes, Holmes Lybrand, Hannah Rabinowitz, Paula Reid, Alayna Treene, Gregory Clary and Devan Cole contributed to this report.


            Donald Trump will take America through yet another grave and unprecedented national drama this week when he becomes the first ex-president to appear in court charged with a crime.
    

            The 45th president is expected to turn himself in on Tuesday in Manhattan, the stage where he built his legend as a brash popular culture figure and real estate magnate but which could now, in the case of “The People of the State of New York against Donald J. Trump,” engineer his downfall.
    

            In what will be extraordinary scenes, Trump will return to New York after a grand jury voted to indict him last week in a case involving a hush money payment to adult film actress Stormy Daniels before the 2016 election. His appearance, accompanied by Secret Service agents, will come as he fires up his 2024 campaign for the White House. Trump plans to make a make a speech when he gets back to Mar-a-Lago on Tuesday night in which he will seek to leverage political advantage out of a perilous, personal legal crisis.
    

                    For many Americans who disdain Trump and his riotous single term, the case could be a sign that, finally, he is being called to account for his rule-crushing behavior and that everyone – even former presidents – are equal under the law. But Trump, using his bond with his most loyal supporters, is claiming the prosecution is a case of naked political persecution from District Attorney Alvin Bragg, a Democrat, that’s designed to thwart the possibility of a presidential comeback. According to fundraising numbers that his campaign is touting, Trump is getting a political boost from the attention.
                



            Yet a criminal indictment takes Trump into unique political territory. And however the case turns out, his return to the spotlight in these circumstances is another twist in an exhausting saga featuring a double impeachment, false claims of a stolen election, and a mob attack on the US Congress during an unruly four-year presidency that pushed the nation to the point of exhaustion and deepened its polarization.
    

            Some legal experts, without having seen the still-sealed indictment, have questioned whether a case that appears to revolve around infringements of accounting practices and possible campaign finance violations is sufficiently serious to merit the historical step of indicting an ex-president who is already running again.
    

            At the same time, it is ultimately Trump’s norm-busting behavior that pushed the country to this somber moment. He’s also being investigated over efforts to overturn the 2020 election result in Georgia, and by a special counsel probing his hoarding of classified documents and conduct in the run up to January 6, 2021, attack on the US Capitol. In several of these cases, Trump could face even more serious legal problems than in the Stormy Daniels matter, but that case is the only one so far that has yielded an indictment.
    

            Trump has denied wrongdoing in all of the cases. But once more, America’s political and legal systems, under a near-constant stress test since he came down the escalator in Trump Tower to launch his campaign in 2015, will be put under enormous pressure that is likely to only deepen the country’s internal estrangement.
    

            Several media outlets, including CNN, have asked a New York judge to unseal the grand jury indictment against former President Donald Trump. The news organizations are also asking for permission to broadcast Trump’s expected appearance in a Manhattan courtroom Tuesday for his arraignment on the charges.
    

            In their letter Friday seeking to make the indictment public, the media outlets told Judge Juan Merchan – who is slated to preside over the historic proceedings – that “the right of access is at its zenith when applied to the first ever indictment of a former U.S. president.”
    

            The New York Times, The Washington Post and The Wall Street Journal are among the outlets making the request.
    

            If the judge does not grant the media outlets’ unsealing request, it is expected that the indictment will be made public when Trump appears in court Tuesday.
    

            Merchan is expected to issue an order Monday on camera access in the courtroom for the arraignment. On Sunday, he invited lawyers for Trump and for the Manhattan District Attorney’s Office to submit by 1 p.m. Monday any concerns or objections to the media outlets’ request to broadcast the arraignment.
    

                    With their request to broadcast those proceedings, the media outlets told the court that “the gravity of this proceeding – the unprecedented and historic arraignment of a former U.S. President – and, consequently, the need for the broadest possible public access, cannot be overstated.”
                



            The news organizations are asking for a “limited number of photographers, videographers, and radio journalists to be present at the arraignment,” and said in the letter that they are making “this limited request for audio-visual coverage in order to ensure that the operations of the Court will not be disrupted in any way.”
    

            When Donald Trump enters a New York courtroom Tuesday, he’ll face a seasoned judge who is no stranger to the former president’s orbit.
    

            Acting New York Supreme Court Judge Juan Merchan has sentenced Trump’s close confidant Allen Weisselberg to prison, presided over the Trump Organization tax fraud trial and overseen former adviser Steve Bannon’s criminal fraud case. 
    

            But Trump’s historic arraignment can be viewed as Merchan’s most high-profile case to date, even after a long career atop the state-level trial court.
    

            Merchan has been described by observers as a “tough” judge, yet one who is fair, no matter who is before him.
    

Here’s more background on the justice whose courtroom will soon be thrust into the spotlight:


            Born in Bogota, Colombia, Merchan emigrated to the United States at the age of six and grew up in the New York City neighborhood of Jackson Heights, Queens, according to a New York Times profile of the judge. He was the first in his family to go to college. 
    

            Merchan initially studied business at Baruch College in New York. He dropped out of school to go work, only to return several years later to finish school so that he could get his law degree, the Times reported.


            He eventually received his law degree from Hofstra University.
    

            Attorneys who have appeared before him told CNN that Merchan does not stand for disruptions or delays, and he’s known to maintain control of his courtroom even when his cases draw considerable attention.
    

            Trump attorney Timothy Parlatore said during an interview Friday on CNN that Merchan was “not easy” on him when he tried a case before him, but said the judge likely will be fair. 
    

            “I’ve tried a case in front of him before. He could be tough. I don’t think it’s necessarily going to be something that’s going to change his ability to evaluate the facts and the law in this case,” Parlatore said.
    

Read more here.


            Former President Donald Trump will deliver remarks at his Mar-a-Lago resort in Florida when he returns from his arraignment Tuesday night, according to a news release from his campaign.
    

            Trump is expected to appear in court Tuesday afternoon in Manhattan, sources tell CNN. 
    

            His attorney said the former president will voluntarily surrender to New York law enforcement and plans to mount legal challenges.
    

            Former President Donald Trump is expected leave Florida around noon ET on Monday and land at La Guardia Airport in New York around 3 p.m. ET.
    

            The former president will stay at the Trump Tower Monday night.
    

            Immediately after his arraignment scheduled for Tuesday, he is expected to depart New York and head back to Florida, where he will deliver remarks at his Mar-a-Lago home, according to a source familiar with the plans. 
    

            A small group of aides and advisers, including campaign heads Susie Wiles and Chris LaCivita, are expected to travel with Trump to New York Monday afternoon ahead of his arraignment, according to multiple sources familiar with the plans.
    

            Former Manhattan District Attorney Cy Vance, who was previously investigating former President Donald Trump, said Trump’s statements regarding current District Attorney Alvin Bragg have the potential to strengthen the case against him with an added obstruction charge. 
    

            “I’ve got to say, I was disturbed to hear the former president speak in the way he spoke about the District Attorney Bragg and even the trial court in the past week,” Vance said Sunday in an interview on NBC’s “Meet The Press.”
    

                    “I think if I were his lawyer – and, believe me, no one (has) called up to ask for my advice — I would be mindful of not committing some other criminal offense like obstruction of governmental administration, which is interfering with — by threat or otherwise — the operation of government.”
                



            Vance said adding an obstruction count to the charge could “change the jury’s mind about the severity of the case that they’re looking at.”",1
"LSU star Angel Reese defended the gesture she aimed at Iowa Hawkeyes’ Caitlin Clark near the end of the Tigers’ first NCAA women’s basketball national championship victory on Sunday, saying “I don’t take disrespect lightly.” 
    

            Reese could be seen approaching Clark before moving her open hand in front of her face – popularized by WWE star John Cena to mean “you can’t see me” – before pointing to her ring finger in a gesture some interpreted as a reference to the place her newly-acquired championship ring might sit.
    

Related article
Caitlin Clark breaks records galore during historic March Madness run


            Clark made a similar gesture to another player earlier in the tournament.
    

            The gesture has sparked much debate, especially on social media. Some have criticized Reese, while others have defended her actions, highlighting how there was no public outrage in response to Clark’s gesture earlier in the tournament. 
    

            Sports journalist Jose de Jesus Ortiz called Reese’s actions “classless,” while former ESPN host Keith Olbermann called Reese an “idiot” for the gesture. 
    

            In the press conference after the victory, Reese referenced the difference in reaction she received as a result of her gesture as compared to the one Clark received.
    

            “All year, I was critiqued for who I was. I don’t fit the narrative,” Reese said. “I don’t fit the box that y’all want me to be in. I’m too hood. I’m too ghetto. Y’all told me that all year. But when other people do it, and y’all don’t say nothing. 
    

            “So this is for the girls that look like me. For those that want to speak up for what they believe in. It’s unapologetically you. And that’s what I did it for tonight. It was bigger than me tonight. And Twitter is going to go into a rage every time. 
    

            “And I’m happy. I feel like I’ve helped grow women’s basketball this year. (…) I’m looking forward to celebrating and then next season.” 
    

Related article
LSU beats Iowa to win its first NCAA women's basketball championship


            Reese had 15 points and 10 rebounds in the 102-85 victory and won the women’s March Madness’ Most Outstanding Player award.
    

            In the post-game broadcast, Reese referenced the similar gesture Clark made to a Louisville opponent in the Elite Eight.  
    

            In the same game, Clark said to an opponent: “You’re down by 15 points. Shut up,” according to the Bleacher Report.  
    

            “Caitlin Clark is a hell of a player but I don’t take disrespect lightly,” Reese said. “She disrespected [LSU’s] Alexis [Morris] (…) and I wanted to pick her pocket. But I had a moment at the end of her game. I was in my bag, I was in my moment.” 
    

            After the Championship game, Clark herself said she didn’t notice anything at the time.
    

            “I was just trying to get to the handshake line and shake hands and be grateful that my team was in that position,” Clark said in the post-game press conference. “All the credit in the world to LSU. They were tremendous. They deserve it. They had a tremendous season. 
    

            “(LSU head coach) Kim Mulkey coached them so, so well. She’s one of the best basketball coaches of all time, and it shows. She only said really kind things to me in the handshake line, so I’m very grateful of that too. 
    

            “But honestly I have no idea. I was just trying to spend the last few moments on the court with especially the five people that I’ve started 93 games with and relishing every second of that.”  
    

            LSU head coach Mulkey said she had “no clue” about what transpired. 
    

            Among those defending Reese on social media were ESPN’s Holly Rowe and former NBA star Etan Thomas.
    

            “People hating on Angel Reese or Caitlin Clark. Stop. Unapologetically confident young women should be celebrated NOT hated. Get used to it,” Rowe wrote on Twitter. 
    

            Former Washington Wizards, Oklahoma City Thunder and Atlanta Hawks player Thomas wrote: “Hold on now!!!! It was cute when Caitlin Clark did it. Y’all didn’t have any issues with it at all. So don’t be all outraged and talking about class and sportsmanship when Angel Reese does the same thing. We’re not doing double standards here.” 
    

            Reese said the negative reaction on social media throughout the season has helped fuel her excellent season, having finished averaging 23.0 points and 15.4 rebounds in her first season with LSU after transferring from Maryland.
    

            “Twitter can say what they want to say,” she said. “I love reading those comments. I have all the screenshots of what everybody has said about me all season. What are you going to say now?” 
    
© 2025 Cable News Network. A Warner Bros. Discovery Company. All Rights Reserved.  CNN Sans ™ & © 2016 Cable News Network.",1
"Editor’s Note: This story was originally published in April 2023.


            Slumped on his club, head buried in his arm, Rory McIlroy looked on the verge of tears.  
    

            The then-21-year-old had just watched his ball sink into the waters of Rae’s Creek at Augusta National and with it, his dream of winning The Masters, a dream that had looked so tantalizingly close mere hours earlier.
    

            As a four-time major winner and one of the most decorated names in the sport’s history, few players would turn down the chance to swap places with McIlroy heading into Augusta this week. 
    

            Yet on Sunday afternoon of April 10, 2011, not a golfer in the world would have wished to be in the Northern Irishman’s shoes.
    

            A fresh-faced, mop-headed McIlroy had touched down in Georgia for the first major of the season with a reputation as the leading light of the next generation of stars. 
    

            An excellent 2010 had marked his best season since turning pro three years earlier, highlighted by a first PGA Tour win at the Quail Hollow Championship and a crucial contribution to Team Europe’s triumph at the Ryder Cup.
    

            Yet despite a pair of impressive top-three finishes at the Open and PGA Championship respectively, a disappointing missed cut at The Masters – his first at a major – served as ominous foreshadowing. 
    

            McIlroy shot 74 and 77 to fall four strokes short of the cut line at seven-over par, a performance that concerned him enough to take a brief sabbatical from competition.
    

            But one year on in 2011, any lingering Masters demons looked to have been exorcised as McIlroy flew round the Augusta fairways.
    

            Having opened with a bogey-free seven-under 65 – the first time he had ever shot in the 60s at the major – McIlroy pulled ahead from Spanish first round co-leader Alvaro Quirós with a second round 69. 
    

            It sent him into the weekend holding a two-shot cushion over Australia’s Jason Day, with Tiger Woods a further stroke behind and back in the hunt for a 15th major after a surging second round 66.
    

            And yet the 21-year-old leader looked perfectly at ease with having a target on his back. Even after a tentative start to the third round, McIlroy rallied with three birdies across the closing six holes to stretch his lead to four strokes heading into Sunday. 
    

            The youngster was out on his own ahead of a bunched chasing pack comprising Day, Ángel Cabrera, K.J. Choi and Charl Schwartzel. After 54 holes, McIlroy had shot just three bogeys.
    

            “It’s a great position to be in … I’m finally feeling comfortable on this golf course,” McIlroy told reporters.
    

            “I’m not getting ahead of myself, I know how leads can dwindle away very quickly. I have to go out there, not take anything for granted and go out and play as hard as I’ve played the last three days. If I can do that, hopefully things will go my way. 
    

            “We’ll see what happens tomorrow because four shots on this golf course isn’t that much.”
    

            The truth can hurt, and McIlroy was about to prove his assessment of Augusta to be true in the most excruciating way imaginable.
    

            His fourth bogey of the week arrived immediately. Having admitted to expecting some nerves at the first tee, McIlroy sparked a booming opening drive down the fairway, only to miss his putt from five feet.
    

            Three consecutive pars steadied the ship, but Schwartzel had the wind in his sails. A blistering birdie, par, eagle start had seen him draw level at the summit after his third hole. 
    

            A subsequent bogey from the South African slowed his charge, as McIlroy clung onto a one-shot lead at the turn from Schwartzel, Cabrera, Choi, and a rampaging Woods, who shot five birdies and an eagle across the front nine to send Augusta into a frenzy.
    

            Despite his dwindling advantage and the raucous Tiger-mania din ahead of him, McIlroy had responded well to another bogey at the 5th hole, draining a brilliant 20-foot putt at the 7th to restore his lead.
    

            The fist pump that followed marked the high-water point of McIlroy’s round, as a sliding start accelerated into full-blown free-fall at the par-four 10th hole.
    

            His tee shot went careening into a tree, ricocheting to settle between the white cabins that separate the main course from the adjacent par-three course. It offered viewers a glimpse at a part of Augusta rarely seen on broadcast, followed by pictures of McIlroy anxiously peering out from behind a tree to track his follow-up shot.
    

             Though his initial escape was successful, yet another collision with a tree and a two-putt on the green saw a stunned McIlroy eventually tap in for a triple bogey. Having led the field one hole and seven shots earlier, he arrived at the 11th tee in seventh.
    

            By the time his tee drive at the 13th plopped into the creek, all thoughts of who might be the recipient of the green jacket had long-since switched away from the anguished youngster. It had taken him seven putts to navigate the previous two greens, as a bogey and a double bogey dropped him to five-under – the score he had held after just 11 holes of the tournament.
    

            Mercifully, the last five holes passed without major incident. A missed putt for birdie from five feet at the final hole summed up McIlroy’s day, though he was given a rousing reception as he left the green.
    

Related video
Sunday at the Masters


            Mere minutes earlier, the same crowd had erupted as Schwartzel sunk his fourth consecutive birdie to seal his first major title. After starting the day four shots adrift of McIlroy, the South African finished 10 shots ahead of him, and two ahead of second-placed Australian duo Jason Day and Adam Scott.
    

            McIlroy’s eight-over 80 marked the highest score of the round. Having headlined the leaderboard for most of the week, he finished tied-15th.
    

            Tears would flow during a phone call with his parents the following morning, but at his press conference, McIlroy was upbeat.
    

            “I’m very disappointed at the minute, and I’m sure I will be for the next few days, but I’ll get over it,” he said.
    

            “I was leading this golf tournament with nine holes to go, and I just unraveled … It’s a Sunday at a major, what it can do.
    

            “This is my first experience at it, and hopefully the next time I’m in this position I’ll be able to handle it a little better. I didn’t handle it particularly well today obviously, but it was a character-building day … I’ll come out stronger for it.”
    

            Once again, McIlroy would be proven right. 
    

            Just eight weeks later in June, McIlroy rampaged to an eight-shot victory at the US Open. Records tumbled in his wake at Congressional, as he shot a tournament record 16-under 268 to become the youngest major winner since Tiger Woods at The Masters in 1997.
    

            The historic victory kickstarted a golden era for McIlroy. After coasting to another eight-shot win at the PGA Championship in 2012, McIlroy became only the third golfer since 1934 to win three majors by the age of 25 with triumph at the 2014 Open Championship. 
    

            Before the year was out, he would add his fourth major title with another PGA Championship win.
    

            And much of it was owed to that fateful afternoon at Augusta. In an interview with the BBC in 2015, McIlroy dubbed it “the most important day” of his career.
    

            “If I had not had the whole unravelling, if I had just made a couple of bogeys coming down the stretch and lost by one, I would not have learned as much. 
    

            “Luckily, it did not take me long to get into a position like that again when I was leading a major and I was able to get over the line quite comfortably. It was a huge learning curve for me and I needed it, and thankfully I have been able to move on to bigger and better things. 
    

            “Looking back on what happened in 2011, it doesn’t seem as bad when you have four majors on your mantelpiece.”
    

            McIlroy’s contentment came with a caveat: it would be “unthinkable” if he did not win The Masters in his career.
    

            Yet as he prepares for his 15th appearance at Augusta National this week, a green jacket remains an elusive missing item from his wardrobe.
    

            Despite seven top-10 finishes in his past 10 Masters outings, the trophy remains the only thing separating McIlroy from joining the ranks of golf immortals to have completed golf’s career grand slam of all four majors in the modern era: Gene Sarazen, Ben Hogan, Gary Player, Jack Nicklaus, and Tiger Woods.
    

            A runner-up finish to Scottie Scheffler last year marked McIlroy’s best finish at Augusta, yet arguably 2011 remains the closest he has ever been to victory. A slow start in 2022 meant McIlroy had begun Sunday’s deciding round 10 shots adrift of the American, who teed off for his final hole with a five-shot lead despite McIlroy’s brilliant 64 finish. 
    

Related video
Rory McIlroy: I will win the Masters


            At 33 years old, time is still on his side. Though 2022 extended his major drought to eight years, it featured arguably his best golf since that golden season in 2014.
    

            And as McIlroy knows better than most, things can change quickly at Augusta National.
    
© 2025 Cable News Network. A Warner Bros. Discovery Company. All Rights Reserved.  CNN Sans ™ & © 2016 Cable News Network.",1
"The escalating climate crisis is shifting many people’s purchasing patterns and this extends to the $500 billion dollar global beauty industry which is grappling with a range of sustainability challenges across product manufacturing, packaging and disposal. 
    

Related article
'Delay means death': We're running out of ways to adapt to the climate crisis, new report shows. Here are the key takeaways


            Strategy and consulting firm Simon Kucher’s Global Sustainability Study 2021 found 60% of consumers around the world rated sustainability as an important purchase criterion, and 35% were willing to pay more for sustainable products or services.
    

            This shift in consumer preferences has propelled many beauty brands to set environmental goals: to move away from single-use and virgin plastics, provide recyclable, reusable and refillable packaging and offer more transparency around products’ ingredients so customers can ascertain how “green” their purchase is.
    

            However, consumers still struggle to understand the sustainability credentials of many products, according to the British Beauty Council. This is because the industry’s clean-up efforts have been inconsistent, and fall short of making a recognizable impact in the absence of collective goal-setting, global strategy and standardized regulations.
    

            There is no international standard for the beauty industry on how much product ingredient information to share with customers — or how to do so. Brands can set their own rules and goals, giving rise to confusion and “greenwashing,” where sustainability claims are often touted but not substantiated. 
    

            Companies often use marketing language like “clean beauty” to make it seem like their products are natural, for example, when they may not actually be organic, sustainable or ethically made.
    

Related article
After rebranding in the West, many beauty companies are still offering to 'whiten' skin elsewhere


            “The term ‘clean beauty’ has become quite dangerous. It’s used to sell more products,” according to British Beauty Council CEO Millie Kendall, who added that such buzzwords are losing traction in the UK as British customers wise up to their shortcomings. “Customers need better marketing information and certification information.” 
    

            In a 2021 report calling on the industry to have “the courage to change” their business practices, the British Beauty Council wrote that, all too often, even natural ingredients involved in manufacturing products give way to “over-consumption, non-regenerative farming practices, pollution, waste and neglect.”
    

            “The only way out of this is transparency,” Kendall told CNN.
    

            Jen Lee, chief impact officer at US-based brand Beautycounter, said she continues to see confusion over ingredients among consumers. (In 2013, the company launched and published “The Never List,” which currently cites more than 2,800 chemicals — including heavy metals, parabens and formaldehyde — it claims to never use in its products.)
    

            “Natural vs. synthetic ingredients has been a conversation. People think natural is safer, but it’s not always the case,” Lee explained. “Natural ingredients formulated in the industry can have toxic load. Heavy metals can occur in natural components of the earth.”
    

Related article
Mother loses peripheral vision from apparent exposure to mercury in beauty creams. Toxic levels in her home put family at risk, say experts


            “We used to be more natural and organic,” added Sasha Plavsic, founder of makeup brand ILIA Beauty. “What was challenging is (that) raw materials were difficult to source or would come in inconsistently or products wouldn’t perform.”
    

            Most makeup is created and molded at high temperatures, Plavsic explained. Purely organic materials often fall apart in this heat, leading to inconsistent results and subpar product performance. “Not every synthetic is bad,” Plavsic said. “Sometimes, it helps create the best in class formula.”
    

            The industry’s plastic packaging is a particular sustainability challenge — 95% is thrown away and the vast majority is not recycled, according to the British Beauty Council.
    

            The cosmetics business is the fourth biggest plastic packaging user globally — after food and beverage, industrial packaging and pharmaceuticals — and plastic is about 67% of the industry’s packaging volume, according to Vantage Market Research. Beauty giant L’Oreal used 144,430 metric tons of plastic in its packaging material in 2021, for example, according to the Ellen Macarthur Foundation (EMF). Estee Lauder Companies reported its brands produced 71,600 metric tons of plastic in product packaging that same year.
    

            And only 9% of the global plastic waste is recycled, according to a report from the Organisation for Economic Co-operation and Development. The United States only recycles 4% of its plastic waste.
    

Related article
Single-use plastic is wreaking havoc on the planet. Here's what you can do to minimize your impact


            Many brands are trying to phase out harmful plastics from their operations and adopt post-consumer recycled (PCR) plastic. (L’Oreal has set a target of 50% PCR plastic usage by 2025, while Estee Lauder is targeting 25% “or more” PCR plastic — but both are far from achieving their targets.)
    

            “Between 60-70 major global brands have made unprecedented progress” in PCR plastic usage across industries, EMF’s Plastic Initiative Lead Sander DeFruyt told CNN. But DeFruyt stressed that PCR plastic must be adopted in conjunction with brands removing single and virgin plastics from their usage cycles to truly make a difference. 
    

            However, PCR plastic is not easy to find — low recycling rates around the world mean there is limited supply. Meanwhile, demand for it is growing demand across industries, DeFruyt said. This competition hikes up its price, which is already higher than virgin plastic. 
    

            Hair care brand FEKKAI claims that it used up to 95% PCR content in its packaging, but pricing and supply issues posed a challenge, forcing it to currently aim for containers and packaging that feature at least 50% PCR in its packaging. 
    

            “PCR plastic is more expensive than stock plastic. The cost is hard and then sourcing it is too,” founder Frédéric Fekkai told CNN. “PCR is close to our heart, but there is a massive demand, so finding recycled plastic is difficult.”
    

            Beauty retailers plays a pivotal — and under-utilized — role, with control over stocking decisions and supply chains. But many vary when it comes to the standards they set for brands they sell.
    

            “Smaller businesses do more, full stop,” said Jessi Baker, founder of the technology platform Provenance, which helps brands display their sustainability credentials for customers. “They move more nimbly. Some of them are born-good brands — climate friendliness was part of their setup. They don’t need to restructure their entire supply chain. Their culture already has it compared to the larger brands who need to work hard to change.”
    

Related article
A history of beauty trends -- and the standards that shaped them


            Sephora launched its “Clean + Planet Positive” initiative in 2021, which labeled products that met its set criteria. (This is separate from the French retailer’s “Clean at Sephora” program, which is currently facing a consumer lawsuit alleging it carries a significant percentage of products understood by customers to be harmful.) Target launched a similar program in 2022, featuring a “Target Zero” icon for both online and in-store offerings that either have reusable, recyclable, compostable or reduced plastic packaging, or feature waterless or concentrated products.
    

            Still, many steps taken by brands and retailers do not even begin to touch on the waste and pollution generated throughout supply chains, manufacturing and shipping, all huge problems for the industry to grapple with. 
    

            The gaps in standardization in the beauty ecosystem can, to some extent, be filled by certifications such as the US-born B Corporation, or B Corp. This accreditation, one of the most well-known in the beauty space, is issued by the non-profit B Lab, which scores a company on a variety of criteria around ethics and sustainability. However beneficial it may be among eco-conscious consumers, though, it is currently completely voluntary for brands to apply for.
    

            Governments and multinationals enforcing regulations and setting a base line for brands to operate from when making sustainability claims would go a long way to making change, many experts and business leaders believe.
    

            Susanne Kaufmann, founder of her namesake beauty brand, says her efforts in Austria would reap better results if more countries around the world had stricter, more uniform garbage disposal laws.
    

Related article
A trash heap 62 meters high shows the scale of India's climate challenge


            “I package our product in a recyclable material,” Kaufmann said. (Her products’ packaging, which is refillable and reusable, is made from 75% recycled plastic — and is 100% recyclable.) If I send this to the US, the garbage is not separated… and it’s not recyclable,” she explained, referring to inconsistencies in recycling laws across the United States. 
    

            And when it comes to ingredients, the European Chemicals Agency  lists 2,495 substances banned from use in cosmetic products marketed for sale or use in the bloc. But the US Food and Drug administration only lists 11, making it more challenging for American consumers to find safer, greener options. The Environmental Working Group, a non-profit watchdog, studied lab tests of 51 sunscreen products in 2021 and found that only 35% of products met the EU standard, compared with 94% that passed the US standard. 
    

            However, while government can set minimum requirements, Mia Davis, vice president of sustainability and impact at beauty retailer Credo Beauty, says the needle will move in the private sector.
    

Related article
Sustainable ships: The world's most eco-conscious cruises 


            “Regulation can raise the floor a bit. A person who doesn’t know about any (sustainability issues) should still be able to walk into a bodega and get clean products… But that’s never going to be what the market can do,” she said. “Market leadership is key.”
    

            In the absence of bold regulations or global standards on sustainability practices, this “leadership” — undertaken both by brands and customers in the beauty marketplace — is likely to be the most immediately impactful vector for addressing the industry’s climate shortcomings. It will take continued collective advocacy and initiative to see meaningful climate-conscious change.
    
© 2025 Cable News Network. A Warner Bros. Discovery Company. All Rights Reserved.  CNN Sans ™ & © 2016 Cable News Network.",1
"Bruce Willis’ wife, Emma Heming Willis, has celebrated their elder daughter’s birthday with a trip down memory lane.
    

            Mabel Willis turned 11 on Sunday, and her proud mom marked the occasion by sharing a montage of family photos and videos taken over the years, set to the song “Pictures Of You” by The Cure.
    

            “Happy 11th Birthday Mabel Ray!” Heming Willis wrote in the caption. 
    

Related article
Emma Heming Willis speaks out about finding community as a caregiver: 'This journey can feel very dark' 


            “Your energy is infectious,” she continued, praising her little girl for the way she “can light a whole room with your smile and warmth.”
    

            “How you love and care for your family and friends is beautiful to witness. Keep shining my love and always remember to #liveitup,” Heming Willis added.
    

            Heming Willis and Willis married in 2009. Along with Mabel, the couple also have an 8-year-old daughter, Evelyn. Willis also has daughters Rumer, Scout and Tallulah with his ex-wife, Demi Moore.
    

            Willis is clearly a doting dad. One picture in Heming Willis’ montage shows the “Die Hard” star holding baby Mabel while planting a kiss on her forehead, while a more recent image shows a beaming Willis hanging out in nature with his preteen.
    

Related article
Bruce Willis sings with his family in birthday tribute video from ex Demi Moore


            Heming Willis penned an equally heartfelt tribute last month when her husband celebrated his 68th birthday. Sharing a video montage on Instagram, she referred to the actor as “pure love.”
    

            In February, Willis’ family announced that his speaking disorder, aphasia, had progressed into a form of dementia called frontotemporal dementia, or FTD.
    

            “Today there are no treatments for the disease, a reality that we hope can change in the years ahead,” they said in an update shared online. “As Bruce’s condition advances, we hope that any media attention can be focused on shining a light on this disease that needs far more awareness and research.”
    

            According to the Alzheimer’s Association, FTD refers to “a group of disorders caused by progressive nerve cell loss in the brain’s frontal lobes (the areas behind your forehead) or its temporal lobes.” These areas of the brain are generally associated with personality, behavior and language.
    
© 2025 Cable News Network. A Warner Bros. Discovery Company. All Rights Reserved.  CNN Sans ™ & © 2016 Cable News Network.",1
"Editor’s Note: Eric Tourigny is a lecturer in historical archaeology at Newcastle University, UK. His research interprets osteological and material culture remains alongside historic texts to examine changing human-animal relationships in Europe and North America over the past 500 years. The views expressed in this commentary are his own. Read more opinion on CNN.


            Why do we bury our departed loved ones in a cemetery? A primary purpose is to provide survivors with an opportunity to grieve and gain a sense of closure. The cemetery is a place for the living as much as it is a place for the dead.
    

            But what about when the dearly departed are not human – but our pets?
    

            The Spanish city of Barcelona recently announced that it will be investing in the establishment of the country’s first public pet cemetery. Set to open next year, it will offer both burials and cremations – with an estimated 7,000 carried out each year.
    

            For me, as someone who has spent years researching the development of pet cemeteries elsewhere in the world, this news came as a shock. Barcelona is a densely populated city with limited privately owned land – one where 50% of families own a pet.


            How did a city that is home to 180,000 dogs not already have a public pet cemetery? Until now, the service was only provided by the private sector, according to Barcelona’s Councilor for Climate Emergency and Ecological Transition, Eloi Badia. He added that the municipal-funded initiative was sparked by “constant public demand.”
    

            After all, public pet cemeteries have been around in Europe and the Americas since the late 19th century. Britain’s first public pet cemetery appeared in London’s Hyde Park in 1881. New York’s Hartsdale pet cemetery was founded in 1896, followed a few years later by Paris’ ornate Cimetière des Chiens in 1899.
    

            I became interested in the history of modern pet burial practices while investigating the archaeological record of a centuries-old house in Toronto. I came across a (very) large dog buried in the back garden which, according to the historical record, was occupied between 1840 and 1870.
    

            This dog survived to an elderly age but, sadly, suffered from degenerative joint disease and severe infections during his last months. His ailments progressed to such a state that suggest he received some level of care in his final weeks. He then was buried in a personal plot behind the family home.
    

            This elderly dog led me to think about the different ways people interact with the bodies of their pets after death. Could this behavior be reflective of the relationships they held with their animals in life? In this instance, why take the time to carefully bury a dog in its own space when other, arguably easier options existed? 
    

            This, after all, was an era when people often disposed of their dead pets in the river, or might have sold their bodies for meat and skin.
    

            Good hygiene is an obvious reason to choose a burial – no one wants decomposing animal bodies in the street or their garden – but that wouldn’t immediately warrant a personalized, dedicated burial and gravestone.
    

            The most straight forward option would be to dispose of a deceased animal with the household waste. But such treatment would evidently feel less ceremonious and would not offer appropriate emotional closure to what was likely an important relationship.
    

            Like the burial of people, the burial of pets is an intimate cultural practice, one that changes over time and is reflective of the changing relationships that a society has with its cherished creatures.
    

            My study of historic gravestones and epitaphs in Britain from the Victorian period to today shows this changing human-animal relationship. In the 19th century, gravestones were often dedicated to a “loving friend” or “devoted companion,” suggesting pets were mostly considered important friends.
    

            By the early 20th century, pets had become members of the family – evidenced by the appearance of family surnames on the gravestones, and loving epitaphs written by “Mummy and Daddy.”
    

                    By the early 20th century, pets had become members of the family – evidenced by the appearance of family surnames on the gravestones, and loving epitaphs written by “Mummy and Daddy.”
                

                    Eric Tourigny 
                

            Society’s changing attitude towards the role of animals in the afterlife can also be found. Fast-forward a few decades later, and gravestones were more likely to reference a reunion then earlier ones. For example, the owners of Denny, the “brave little cat” buried in an east London cemetery in 1952, wrote on his epitaph “God bless until we meet again.”
    

            I wonder what the epitaphs in Barcelona’s new cemetery will reveal about modern Catalan relationships with animals.
    

            Over time, our ways of treating our animal dead appear to reflect an even closer relationship in life. Once strictly forbidden by law, the last decade saw many jurisdictions, like the state of New York, allowing the co-burial of cremated animals and people, which will undoubtedly lead to changing funerary and commemoration practices for both humans and animals.
    

            For me, the most remarkable similarity between modern and historic pet cemeteries is the striking evidence for the heartbreak and taboos around grieving for animals.
    

            The connection that someone has with their pet can be just as strong and just as significant as their relationships with other humans. Yet today, as in over 100 years ago, individuals continue to struggle to find the appropriate outlet to express their pain, hiding heartache for fear of the social repercussions that might come with public acknowledgment of the existence of such a bond.
    

            The RSPCA reassures the public on its website that they should not feel shame for their grief. In the UK, charities like the Blue Cross and Rainbow Bridge Pet Loss Grief Center offer counseling to bereaved humans.
    

            Close relationships between people and animals have existed for millennia, but in western European cultures, there were few acceptable ways to mourn that relationship. As society becomes more accepting of the importance of human-animal relationships to our collective wellbeing, it is not surprising to see us follow rituals resembling those we use to mourn the loss of our closest human relationships. 
    

            At an estimated cost of €200 ($217) per service at the new Barcelona cemetery, it is important to acknowledge that this opportunity to grieve will not be financially available to everyone in the city.
    

Join us on Twitter and Facebook


            This will not be a space for all of the city’s pets. Pet owners may opt to keep cremated remains within their home or spread out ashes in a meaningful location instead. Online forums and digital pet cemeteries also provide other opportunities to commemorate the relationship and express grief.
    

            Whether one chooses a pet cemetery or not, there are many acceptable ways to express your grief – and to remember your relationship with the important animals in your life.
    
© 2025 Cable News Network. A Warner Bros. Discovery Company. All Rights Reserved.  CNN Sans ™ & © 2016 Cable News Network.",1
"The University of Connecticut won its fifth men’s basketball national title with a 76-59 victory over San Diego State University on Monday night at NRG Stadium in Houston. 
    

            Senior guard Tristen Newton led UConn (31-8) with 19 points and 10 rebounds while Final Four Most Outstanding Player Adama Sanogo, a junior forward, chipped in with 17 points and 10 rebounds. 
    

            “We weren’t ranked going into the year so we had the chip on our shoulder,” UConn head coach Dan Hurley told game broadcaster CBS. “We knew the level that we could play at, even through those dark times,” he added, referencing the team’s six losses in eight games during the regular season. 
    

            He said going into the tournament his group had confidence garnered during the season.
    

            “And when you have the type of leaders like Andre Jackson (game-high six assists Monday) and Adama Sanogo, they kept this team together, got us back on track and we knew we were the best team in the tournament going in and we just had to play to our level,” he added. 
    

            San Diego State (32-7) was topped by Keshad Johnson who had 14 points. 
    

            UConn trailed very early but San Diego State was undone by an 11-minute, eight-second stretch in which they scored just five free throws and missed 12 consecutive shots from the field. The Huskies went from down 10-6 to up 36-24 at halftime.
    

            The Aztecs made a run midway through the second half and narrowed the deficit to five at 60-55 with 5:19 to play but the Huskies scored the next nine to take a comfortable lead into the final two minutes.
    

            “We battled. Battled back to five in the second half, but gave them too much separation,” San Diego State coach Brian Dutcher said. “We had to be at our best. We weren’t at our best. A lot had to do with UConn.”
    

            Senior guard Adam Seiko told reporters they gave themselves a chance with their second half comeback but UConn “just made a little bit more plays” at the end.
    

            “They have a lot of weapons. They were pretty good,” said Matt Bradley, also a senior guard. “To beat them, we had to make shots. I shot poorly. And you had to have a really good game to beat those dudes on the offensive end.”
    

            UConn won each of its six tournament games by at least 10 points, with its closest game being a 13-point win over the University of Miami in the national semifinals.
    

            “I just want to thank my teammates, my coaches who believed in me. If it were not for them I would not be here right now,” Sanogo told CBS. 
    

            Jordan Hawkins, who scored 16 points for UConn, talked about winning the crown one day after his cousin, Angel Reese of Louisiana State University, won the women’s title.
    

            “I mean it’s absolutely amazing that we both get this opportunity and I mean the family reunion is going to be great so that’s all I know,” he said.  
    

            UConn enters rarefied air as only the sixth team to win five NCAA men’s basketball championships, joining UCLA (11), Kentucky (eight), North Carolina (six), Duke (five) and Indiana (five). All of UConn’s titles have come since 1999 with the most recent before Monday occurring in 2014.
    

            UConn’s women’s teams have won 11 basketball national titles.
    

  CNN’s Steve Almasy and Issy Ronald contributed to this report.

© 2025 Cable News Network. A Warner Bros. Discovery Company. All Rights Reserved.  CNN Sans ™ & © 2016 Cable News Network.",1
"Our live coverage for the day has ended. Follow the latest Ukraine news here or read through the updates below.


            The preventive detention hearing for Daria Trepova, who was detained in connection with the explosion at a cafe in St. Petersburg, Russia, will take place on Tuesday at Basmanny District Court in Moscow, according to Russian state news agency Vesti.
    

            Russian authorities detained Trepova, 26, claiming she was involved in the blast that killed well-known military blogger Vladlen Tatarsky at a café in St. Petersburg on Sunday.
    

            The US Ambassador to the United Nations Linda Thomas-Greenfield on Monday described Russia assuming the United Nations Security Council (UNSC) presidency this month as “an April Fool’s joke.”
    

                    “But the truth of the matter is, it’s a rotating seat. We expect that they will behave professionally. But we also expect that they will use their seat to spread disinformation and to promote their own agenda as it relates to Ukraine, and we will stand ready to call them out at every single moment that they attempt to do that,” Greenfield added.  
                



            Greenfield said she is not surprised if the Russians asked the foreign minister to come to UNSC headquarters in New York but also said council does work beyond Ukraine.
    

            “We haven’t decided yet on what our attendance levels will be, but we intend to carry out the business of the Security Council during this month. The Security Council does more than Ukraine. We work on many issues, and we again expect that Russia will carry their presidency in a professional way, but when they don’t, we will stand ready to call them out,” Greenfield said. 
    

Vasily Nebenzya, Russian ambassador to the United Nations, dismissed concerns that Russia could fairly be the president of the Security Council for April during the ongoing war in Ukraine.
    

            He said there were no complaints in February 2022 when Russia was last president of the council, while Russia invaded and pointed out that the US was president of the council in 2003 — the year Iraq was invaded. 
    

            The ambassador said as long as world order is maintained, there will not be any change in UN procedures that might lead to a change in Russia’s status. 
    

            Russia took over presidency on Saturday of the UN’s top security body, which rotates every month.
    

Here are the latest headlines:


            Newly published video shows the moments running up to an explosion that killed Russian military journalist Vladen Tartovsky in a St Petersburg café on Sunday.
    

            Tatarsky died when a blast tore through the cafe where he was appearing as a guest of a pro-war group called Cyber Front Z. Prior Russian media reports suggested that Tatarsky may have been killed by a device hidden in a figurine presented to him by a woman before the blast.
    

            The 25-second video shows Tartovsky putting a statuette given to him at the event into a box after passing the microphone to another man.
    

            He places the statuette back into the box and then covers it with what appears to be paper wrapping. As he presses down the paper, there is an explosion.
    

            In the last two seconds of the video, Tartovsky is pixillated, but the rest of the scene is not.
    

More to know: The well-known Russian blogger was killed in what appeared to be an audacious attack on a high-profile pro-Kremlin figure, officials said. 
    

             Authorities said they were treating the case as suspected murder.
    

            At least 32 people were injured in the blast, with 10 people in serious condition, state media Ria Novosti reported, citing the Russian Ministry of Health.
    

            Russian ambassador to the United Nations Vasily Nebenzya on Monday scoffed at concerns that his country could fairly be the president of the Security Council for April during the war in Ukraine. 
    

            Nebenzya pointed out that the US was president of the council in 2003 — the year Iraq was invaded. 
    

            He said there were no complaints in February 2022 when Russia was last president of the council, while Russia invaded. 
    

            The ambassador said as long as world order is maintained, there will not be any change in UN procedures that might lead to a change in Russia’s status. 
    

            Russia took over presidency on Saturday of the UN’s top security body, which rotates every month.
    

            Ukraine has received the first tranche of $2.7 billion from a new International Monetary Fund (IMF) program, Ukrainian Finance Minister Sergii Marchenko said in a tweet Monday.  
    

            The IMF, which regularly makes emergency loans to countries in crisis, on Friday approved a new four-year extended arrangement under the Extended Fund Facility (EFF) of around $15.6 billion as part of a $115 billion total support package for Ukraine.  
    

            The program aims to “anchor policies that sustain fiscal, external, price and financial stability and support economic recovery, while enhancing governance and strengthening institutions to promote long-term growth in the context of post-war reconstruction and Ukraine’s path to EU accession,” the IMF said in a statement. 
    

            The program also helps Ukraine to carry out “more ambitious structural reforms,” it said.
    

            The Extended Fund Facility (EFF) loan is the first major conventional financing program approved by the IMF for a country involved in a large-scale war, Reuters reported.
    

            The risks to the arrangement are “exceptionally high,” said Gita Gopinath, first deputy managing director of the global lender.  
    

            “The success of the program depends on the size, composition, and timing of external financing on concessional terms to help close fiscal and external financing gaps and restore debt sustainability on a forward-looking basis under the baseline and downside scenarios,” she added.  
    

            German Chancellor Olaf Scholz on Monday assured Moldova of Berlin’s support on its path to accession to the European Union as Moldovan and American officials allege Russia of trying to weaken the government in Chisinau.   
    

                    “Moldova is part of our European family. In the summer, we granted it candidate status. And I very much welcome how resolutely Moldova has tackled the necessary reforms that are indispensable for EU accession,” Scholz told a news conference in Bucharest, Romania alongside Romanian President Klaus Iohannis and Moldovan President Maia Sandu. 
                



            “Moldova can be sure of our support on this path. I assured the President [Sandu] of this once again today. Moldova does not stand alone, but receives massive international support,” the German chancellor continued.  
    

            Scholz expressed “great concern” about reports of alleged Russian attempts to destabilize Moldova and said Germany would do its “utmost” to support Moldova in arming itself against “attempts of destabilization by Russia.” 
    

            In February, Moldova’s President Sandu accused Russia of planning to use “saboteurs who have undergone military training and are disguised as civilians” to destabilize the country — claims which were rejected by Russia’s foreign ministry as “unfounded.”  
    

            According to White House officials, the US believes that Russia is working to weaken the Moldovan government, as it continues to seek closer ties with the European Union. 
    

            “The sovereignty and territorial integrity of any state is inviolable. This requirement of the Helsinki Final Act and other agreements under international law was also signed by Russia. And it is still valid. Therefore, we do our utmost to support Moldova in arming itself against attempts of destabilization by Russia,” Scholz said. 
    

            Speaking at the same event, Sandu said that “it is very important, and I am happy that Moldova is a dialogue partner with Romania and Germany. The projects we are involved in together are very useful for our people and will strongly lead us to the accession (to the European Union).” 
    

CNN’s Radina Gigova, Anna Chernova and Natasha Bertrand contributed reporting to this post.  


            NATO Secretary General Jens Stoltenberg said Monday that the alliance has not seen any changes in Russia’s nuclear posture since Russian President Vladimir Putin announced late last month Moscow’s plans to station tactical nuclear weapons in neighboring Belarus.   
    

                    “We monitor very closely what Russia does. But so far, we haven’t seen any changes in their nuclear posture that requires any change in our nuclear posture,” the NATO chief said, while answering questions from reporters on the topic at a news conference in Brussels.  
                



            Stoltenberg described Putin’s announcement as a “pattern of dangerous, reckless nuclear rhetoric.”  
    

            “President Putin tries to use nuclear weapons as a way to prevent us from supporting Ukraine… intimidation, coercion to stop NATO Allies and partners for supporting Ukraine in their right to defend their own country,” he said.   
    

                    “We will not be intimidated. We will continue to support Ukraine,” Stoltenberg continued. 
                



            NATO’s chief Jens Stoltenberg said on Monday that Western allies have delivered more than $70 billion in military aid to Ukraine over the last year since the Russian invasion started.   
    

                    “There are no signs that President Putin is preparing for peace. He is preparing for more war,” Stoltenberg warned, speaking at a news conference in Brussels.  
                



            “We do not know when this war will end. But when it does, we will need to put in place arrangements so that Ukraine can deter future aggression. And history does not repeat itself. We cannot allow Russia to continue to chip away at European security,” he said. 
    

            Stoltenberg added that allies have delivered 65 billion euros (around $70.7 billion) in military aid, and said he welcomed the recent arrival of modern battle tanks and other armored vehicles in Ukraine.  
    

            “This can make a real difference on the front lines and allow the Ukrainian forces to liberate more territory,” he said.  
    

            The NATO head affirmed that the alliance’s support is for the “long haul” and said, “we will discuss how we can step up our support, including by continuing to strengthen Ukraine’s armed forces and supporting the transition from Soviet-era to NATO equipment and doctrine.”   
    

            Stoltenberg also said allies must address other threats and challenges, citing instability, terrorism, and the growing influence of Iran, Russia, and China. He urged allies to invest more in defense to tackle all these wide range of issues. 
    

            Norway and Denmark will cooperate to donate 8,000 artillery rounds to Ukraine, the Norwegian government announced in a statement on Monday. 
    

            “Norway donates the shells, while Denmark donates the associated fuzes, propellant bags and primer cartridges,” the statement said.   
    

            Ukrainian President Volodymyr Zelensky reacted to the announcement, saying in a tweet that he was grateful for the donation. 
    

                    “Grateful to the Danish and Norwegian governments led by @Statsmin and @jonasgahrstore for the joint initiative to transfer an additional batch of artillery shells to Ukraine. Timely military assistance from partners is the key to bringing our joint victory closer!” Zelensky said. 
                



            The rounds will be “standard NATO 155 mm artillery ammunition and will supplement the Danish donation of 19 Caesar self-propelled howitzers,” Norway’s statement added. 
    

            Norway’s artillery shells will be delivered from the country’s armed forces’ own stock, according to the statement. 
    

            Norwegian defense minister Bjørn Arild Gram said “Ukraine has a significant need for artillery ammunition. Norway will contribute where we can. It is important for both Europe’s and Norway’s security that Ukraine succeeds in standing up to Russia’s attack.”  
    

            “The Ukrainians still have a great and urgent need for ammunition for their fight for freedom against Russia. Denmark, together with other EU and NATO countries, is in the process of accommodating with a number of different military contributions. Our cooperation with Norway is an important example of this,” the Danish acting defense minister, Troels Lund Poulsen, said in the statement. 
    

            The Ukrainian military has reported little change to the front lines but heavy fire from Russian forces at various parts of the front line in the Donetsk region.
    

            The General Staff said that more than 45 enemy attacks had been repelled over the past day, with the focus on Lyman, Bakhmut, Avdiivka and Mariinka.
    

            It said there were 17 air strikes and more than 20 strikes by multiple launch rocket systems.
    

            “In the Bakhmut direction, the enemy is trying to take full control over the city of Bakhmut and continues to storm it,” the General Staff said.
    

            West of the city, Ukrainian defense forces repelled about 20 enemy attacks, according to the General Staff.
    

            Oleksandr Syrskyi, commander of Ukrainian Land Forces, posted on Telegram that in Bakhmut he had met with “soldiers and commanders who destroyed the myth of invincibility of the Wagner fighters and Russian paratroopers.”
    

                    “The enemy is weakening and trying to cover up its failures with new fakes about the capture of Bakhmut,” Syrskyi said.
                



            Syrskyi referenced the possibility of a future counter-offensive, saying that “the forward movement of our entire army depends on what every soldier is doing right now on their section of the front.”
    

            Some of the most intense fighting is to the northwest and west of the city of Donetsk – as the Russians continue months-long efforts to dislodge Ukrainian defenses in Avdiivka and Mariinka. The General Staff said that some 20 assaults had been repelled.
    

            “There are also some operational successes of our military in the Donetsk area. Our military have taken some positions. They have taken a more strategic and favourable position,” said Oleksii Dmytrashkivskyi, spokesperson for the military in that zone.
    

            He also noted that Russian special forces had been introduced in the area.
    

            “The enemy is trying to attack our positions between Avdiivka and Marinka. These attempts do not stop. It should be noted that the enemy has suffered quite significant losses,” Dmytrashkivskyi said.
    

            He also claimed that the Russians “don’t have the same amount of equipment and, as they themselves say, they are on a ‘diet’ of ammunition for assaults.”
    

            Social media video showed both sides engaged in heavy fire in the Avdiivka area, which the Russians have surrounded on three sides. 
    

            Denis Pushilin, the leader of the self-declared Donetsk People’s Republic, claimed that Russian forces were still advancing in the Avdiivka direction. 
    

            “It is still premature to speak of encirclement, but the situation is being created, if not critical, then extremely difficult for the enemy… After clearing Kamianka, our units are moving further. There are difficulties both with the terrain, which must also be overcome, and there are also similarities with weather conditions. But these difficulties are mutual — both for the enemy and for us,” Pushilin said.
    

            The war in Ukraine has cost an estimated $2.6 billion of damage to heritage and cultural sites in the country, the UN cultural body UNESCO said in a recently published report. 
    

            The report, which covers one year of war in Ukraine between February 24, 2022, and February 24, 2023, was a joint assessment conducted by the Ukrainian government, the World Bank, the European Commission, and the United Nations. 
    

            UNESCO was in charge of the part of the report dedicated to culture and tourism.  
    

                    “As of February 24, 2023, the total damage cost from identified assets is estimated at $2.6 billion,” the report said in its assessment of damage related to culture and tourism.  
                



            Some $1.7 billion of that cost was distributed to “historic cities, buildings, and sites imbued with recognized cultural/social values,” $650 million to tourism facilities, $143 million to “movable cultural properties and collections, repositories of culture,” and $150 million to “buildings/workshops/ateliers dedicated to cultural and creative industries,” according to UNESCO. 
    

            The most impacted region in Ukraine was Kharkivska, which has suffered 30% of the total damage to its cultural assets, the report added. 
    

            UNESCO said that losses are estimated at around $15.2 billion, which includes revenue losses from tourism, art, sports, entertainment, recreation, cultural education, and creative and cultural industries.  
    

                    “The war has significantly impacted the diversity and richness of culture and cultural heritage in Ukraine, causing damage to cultural infrastructure and assets, reducing livelihoods for cultural creators, bearers and practitioners, limiting access to culture, and impeding the exercise of cultural rights,” the report said.  
                



            UNESCO’s head Audrey Azoulay is currently in Ukraine, the organization told CNN on Monday. 
    

            NATO Secretary General Jens Stoltenberg said it will be historic when the military alliance raises the Finnish flag for the first time at its headquarters on Tuesday. 
    

                    “This is a historic week. Tomorrow we will welcome Finland as the 31st member of NATO, making Finland safer and our alliance stronger. We will raise the Finnish flag for the first time here at NATO Headquarters,” Stoltenberg said, speaking in Brussels Monday.
                



            “It will be a good day for Finland’s security, for Nordic security, and for NATO as a whole,” Stoltenberg added.
    

Finland is set to become a member of the alliance on Tuesday, with Finnish President Sauli Niinistö traveling to Brussels to attend an accession ceremony at NATO headquarters.
    

            Stoltenberg also spoke about Sweden’s bid to join NATO, saying Finland’s accession is “in itself something we should celebrate” but is also good for Sweden. 
    

            “It makes Sweden more integrated into NATO and makes Sweden even more safer,” Stoltenberg said, adding “at the same time we celebrate and enjoy that Finland is now full-fledged member, we should continue work to finalize the Swedish accession process.”
    

CNN’s Laurent Kent contributed to this report. 


            At least 501 children have been killed in Ukraine since February 2022, when Russia launched its full-scale invasion, said Catherine Russell, executive director of the United Nations Children’s Fund (UNICEF).
    

            “Another tragic milestone for Ukraine’s children and families,” Russell said in a tweet on Monday. 
    

            Russell warned the real figure is “likely far higher” than the numbers verified by the UN agency.
    

            Additionally, almost 1,000 Ukrainian children have been injured, “leaving them with wounds and scars - both visible and invisible - that could last for life,” she added.
    

            The head of the United Nations nuclear agency, International Atomic Energy Agency, will travel to the Russian enclave of Kaliningrad in the Baltics Wednesday to discuss the safety of Ukraine’s Zaporizhzhia nuclear power plant, a spokesperson for the agency told CNN. 
    

            “IAEA Director General Rafael Mariano Grossi will visit Kaliningrad on Wednesday as part of his ongoing consultations aimed at ensuring the protection of Ukraine’s Zaporizhzhia Nuclear Power Plant during the military conflict,” the spokesperson said Monday.
    

            The plant has been occupied by Russian forces since March of last year and is now run by the Russian atomic agency, Rosatom. 
    

            The situation at the nuclear plant has not improved, according to the IAEA chief, who visited the facility last week and cited increased military activity in the area. 
    

            Grossi during the visit said he was trying to formulate “realistic, viable proposals” that would be acceptable to both sides. 
    

            Twelve Ukrainian prisoners have been returned home from captivity – 10 military and two civilians, Ukraine says.
    

            Five of them were seriously wounded, according to the Coordination Headquarters for the Treatment of Prisoners of War.
    

            The soldiers were captured in various parts of the front lines, it added.
    

                    On March 24, “Ukraine voluntarily and unconditionally returned to Russia all five severely wounded prisoners who were transportable,” the headquarters said, but added that Russia had released “only five seriously wounded Ukrainians, not all of them, as required by the international conventions signed by Russia.”
                



            The Russian decision showed “a blatant lack of interest in establishing further exchanges for particularly vulnerable categories of prisoners and civilian hostages,” the headquarters said. 
    

            Since the beginning of the invasion in February last year, 2,005 Ukrainians have been released from captivity, according to the headquarters.
    

            Wagner boss Yevgeny Prigozhin said Monday that he “gave” the St. Petersburg cafe, where an explosion killed Russian military blogger Vladlen Tatarsky on Sunday, to the Cyber Front Z group, which hosted an event at the cafe. 
    

            When asked to confirm whether he was the owner of the cafe, Prigozhin didn’t deny it, in comments published Monday by his holding company Concord on its VK social media page. 
    

            “Indeed, I gave the cafe to the patriotic movement Cyber Front Z, and they held various seminars there,” Prigozhin said.
    

            Russia’s independent news outlet Fontanka is reporting that the cafe belongs to Prigozhin, on the basis of the Concord company’s ownership mentioned on the cafe’s receipt. 
    

            Prigozhin is the founder and sole owner of Concord, according to public records.
    

            CNN has not been able to independently verify Prigozhin’s claims and whether he is the legal owner of the cafe.
    

            In the same post, Prigozhin is also commenting on who may be behind the blast. 
    

            “I do not know the details of the incident now, I was only informed that, unfortunately, Vladlen Tatarsky died. I don’t know about the rest of the details,” Prigozhin said.
    

            “Most likely, this tragedy happened at the seminar. As for the death of Darya Dugina, yes, everything is similar,” he said referencing the death of the daughter of ultra-nationalist philosopher Alexander Dugin, who was killed by a car bomb on the outskirts of Moscow last year. 
    

            “But I would not blame the Kyiv regime for these actions. I think that there is a group of radicals that is hardly related to the government. That’s what I would call it,” Prigozhin said. 
    

            Ukrainian President Volodymyr Zelensky has declined to make any comment about the explosion that killed Russian military journalist Vladlen Tatarsky in St. Petersburg on Sunday.
    

            Zelensky said while on a tour of the northern Chernihiv region, “About St. Petersburg. I’m not thinking what is going on in St. Petersburg, or in Moscow. They have to think. Russia have to think about their cities. I’m thinking about our country. And our cities.”
    

            Russia has arrested an anti-war activist named Daria Trepova in connection with the explosion that killed Tatarsky and injured at least 32 others at a cafe on Sunday.
    

            Trepova’s husband Dmitry Rylov told the independent Russian publication The Insider that he is convinced his wife “was really just set up and used.”
    

Some more context: Kremlin spokesperson Dmitry Peskov has said Ukraine may be behind the explosion. “There is evidence that the Ukrainian special services may be involved in the planning of this terrorist attack,” Peskov said. However, no evidence has yet been presented about who carried out the bombing.
    

            Ukraine has said little about the explosion, beyond blaming in-fighting in Russia. 
    

            Two independent organizations in Russia — the Libertarian party and Russian opposition leader Alexey Navalny’s Anti-Corruption Foundation — have denied any association with Trepova.
    

            Wall Street Journal reporter Evan Gershkovich has filed an appeal against his arrest, according to the Russian state news agency TASS.
    

            The agency cited the press service of the Lefortovo court in Moscow, where he was taken into custody last week.
    

            “The court received a complaint from Gershkovich’s defense against the choice of a preventive measure in the form of detention,” TASS reported. 
    

            No date for hearing the appeal has been set.
    

            Gershkovich is currently being held in a pre-trial detention center at the notorious Lefortovo prison until May 29. He faces up to 20 years in prison on espionage charges. 
    

            It is the first time an American journalist has been detained on accusations by Moscow of spying since the Cold War. 
    

            Pope Francis has called for prayers for “the war-torn people” of Ukraine in a tweet on Monday, just days after he was discharged from a hospital after being treated for a respiratory infection.  
    

Here’s what he said: 

During these days of Holy Week, let us #PrayTogether more intensely for the war-torn people of Ukrainia, and for all peoples experiencing war, that with God's help, paths of peace might be opened.

            Ukrainian officials have dismissed the claim made Sunday by Wagner chief Yevgeny Prigozhin that “in legal terms” Russian forces hold the embattled eastern city of Bakhmut.


            Prigozhin made the claim while raising a Russian flag in Bakhmut in honor of the murdered military journalist Vladlen Tatarsky. He said the flag was being raised at the site of the council building. Video later surfaced of a flag being raised amid some rubble.
    

            Serhii Cherevatyi, spokesperson for the Eastern Grouping of the Ukrainian Armed Forces, told CNN that “all administrative buildings in Bakhmut have been destroyed. I don’t even know which one he was talking about.”
    

                    “At night, he put some kind of a rag on some remnant of something, it was shown on some incomprehensible video from a thermal imager,” Cherevatyi said. The reality was that “they have not been able to capture Bakhmut for nine months.”
                



            By contrast, the official said Ukrainian forces only raised the flag once enemy units are expelled and stabilization measures are undertaken. 
    

            Cherevatyi said that a significant part of Bakhmut remains completely under the control of the Ukrainian defense forces, so this is “just more wishful thinking” on Prigozhin’s part. 
    

            “We are able to deliver everything we need there, including ammunition, medicine, food, and to take the wounded out of there,” he told CNN, adding that “the situation is very difficult but under our control and there are no signs of a systemic breakthrough or any significant operational success.”
    

            The Russians failed to surround Bakhmut and made no battlefield breakthroughs while still suffering heavy losses, Cherevatyi said.
    

            “Over the past 24 hours alone, 154 occupiers were killed in the Bakhmut sector, primarily Wagner fighters, 144 were wounded, and one was taken prisoner,” the official said. 
    

            Chervatyi said that so far Wagner’s units continue to be the main Russian striking force in Bakhmut, but “because of significant losses, they are unable to act entirely on their own in this area today…We can see that airborne troops and motorized infantry units are being deployed.”
    

            He said the Wagner chief tried to create the illusion of self-sufficiency, but had failed.
    

            Ukrainian President Volodymyr Zelensky also spoke about the battlefield Monday, alluding to the expectation that Ukrainian forces might soon launch a counteroffensive.
    

            NATO allies are “united in [their] determination to stay the course and support Ukraine for as long as it takes,” NATO’s Secretary General Jens Stoltenberg said at a news conference Monday.  
    

                    “We will not be intimidated. We will continue to support Ukraine,” he said.  
                



            The secretary general warned that “any provision of lethal aid by China to Russia” would be a “major mistake,” but also highlighted that NATO has not seen any changes in Russia’s “nuclear posture” that requires any response from NATO.  
    

                    “We do not know when this war will end, but when it does, we will need to put in place arrangements so that Ukraine can deter future aggression and history does not repeat itself,” Stoltenberg said. “We cannot allow Russia to continue to chip away at European security.” 
                



            NATO’s Secretary General Jens Stoltenberg has called for the “immediate release” of US national Evan Gershkovich, a Wall Street Journal reporter who was arrested in Russia on spying charges last Friday.
    

            “I join the United States in their call on Russia to release the American journalist Evan Gershkovich,” Stoltenberg said in a news conference Monday. “His arrest is of concern. It is important to respect freedom of the press, the rights of journalists, and the rights to ask questions and to do their jobs. Therefore, we call on his immediate release.” 
    

            Russian authorities detained Gershkovich last week and accused him of spying, signaling a significant ratcheting of both Moscow’s tensions with the United States and its campaign against foreign news media, which has been under intense pressure since President Vladimir Putin launched his full-scale invasion of Ukraine last year. The Wall Street Journal categorically rejected those allegations, saying in a statement that it “vehemently denies the allegations from the FSB and seeks the immediate release of our trusted and dedicated reporter.”
    

            Russia has arrested an anti-war activist named Daria Trepova in connection with the explosion which killed prominent blogger Vladlen Tatarsky and injured at least 32 others at a cafe in St. Petersburg on Sunday. 
    

            Elsewhere, Finland is set to officially become a member of the NATO military alliance at an accession ceremony in Brussels on Tuesday.
    

Here are the latest developments:


            Russia’s interior ministry released a short video of the female suspect who has been detained in connection with an explosion that killed a prominent Russian military blogger in St. Petersburg on Sunday.
    

            In the video, a male voice asks the woman, identified by Russian authorities as Daria Trepova, if she understands why she has been detained.
    

            She replies in the affirmative, and says she was detained for being at the scene of the murder of Vladlen Tatarsky, who was killed in the bombing at the Street Food Bar No. 1 cafe in central St. Petersburg. 
    

            Russian state media, quoting law-enforcement authorities and eyewitnesses, say an explosive device appeared to have been inside a figurine handed to Tatarsky by a woman at the cafe.
    

            A male interrogator then asks Trepova what she did at the cafe. She replies that she brought the figurine, but declined to answer who gave it to her.
    

            It is unclear whether Trepova was speaking under duress.
    

            Human-rights advocates and international observers say Russian police routinely use torture and ill treatment to extract confessions. Russia’s security service uses coercion and entrapment to recruit informants among Russia’s opposition groups.
    

            The husband of the woman alleged to have carried out the bombing that killed a prominent Russian military journalist on Sunday has said he is convinced she was “set up.”
    

            Dmitry Rylov told independent Russian publication The Insider that his wife had been detained at the apartment of a friend, who was also arrested.
    

            “She was really just set up and used. Over the last day I contacted her, but I lost contact about four to five hours ago,” Rylov, who is not in Russia, told The Insider at the time of the interview.
    

            Daria Trepova was detained on Monday in connection with the explosion at a cafe in St. Petersburg, which killed prominent military journalist Vladlen Tatarsky and injured at least 32 others.
    

            Speaking of the event during which the explosion occurred, Rylov said: “All I knew was that Daria needed, either for some task, or for some reason, to give some gift, I didn’t even know what.”
    

            “There is one very important point that she told me several times: She was sure that this thing would allow access to a person. That is, it was not something that should have exploded,” he said.
    

            “Dasha [Daria], in principle, is not the kind of person who could kill anyone,” added Rylov.
    

            “Daria said that she was set up, and I completely agree: No one expected this. As far as I know, it was necessary to hand over this figurine, in which there was something … We talked about this at least twice. Daria would not be able to do this,” he told The Insider.
    

            The Kremlin has said Ukraine may be behind the murder of military blogger Vladlen Tatarsky, describing the killing as a “terrorist attack.”
    

            Tatarsky, whose real name was Maxim Fomin, was killed in an explosion at a cafe in St. Petersburg on Sunday. The incident left 32 people injured, state media reported.
    

            “Judging by the NAC [National Anti-Terrorism Committee] statement, there is evidence that the Ukrainian special services may be involved in the planning of this terrorist attack,” Kremlin spokesperson Dmitry Peskov said on a conference call with reporters Monday.
    

            No evidence has yet been presented about who carried out the cafe attack, but Russia’s state media RIA Novosti carried a statement Monday from the NAC saying that the explosion involved agents of the Ukrainian special services and associates of Navalny-founded Anti-Corruption Foundation. Russian Foreign Ministry spokeswoman Maria Zakharova also pointed the finger at Ukraine, without citing evidence.
    

            Alexey Navalny’s longtime associate rejected accusations that the jailed opposition leader’s Anti-Corruption Foundation was involved with the explosion.
    

            Ukraine has said little about the attack, beyond blaming in-fighting in Russia. Mykhailo Podolyak, an adviser to the President’s office, wrote on Twitter: “Spiders are eating each other in a jar. Question of when domestic terrorism would become an instrument of internal political fight was a matter of time.”
    

            Peskov wished a speedy recovery to those injured in the attack and sent condolences to Tatarsky’s family and friends.
    

            Peskov said: “[This is] the regime that is behind the murder of Daria Dugina. This is the regime that is quite possibly behind the assassination of Fomin and the terrorist attack in St. Petersburg,” Peskov said. “That is why the special military operation is being carried out.” Moscow has repeatedly called its invasion of Ukraine a “special military operation.”
    

            Ukraine has denied allegations of involvement in the murder of Dugina, the daughter of influential ultra-nationalist philosopher Alexander Dugin. She was killed  in August by a bomb attached to the car she was driving near Moscow. Dugina knew Tatarsky and shared some of his outspoken, nationalistic views about the conflict. They moved in the same circles, and they had been photographed multiple times together.
    

            Finnish President Sauli Niinistö will travel to Brussels on Tuesday to attend an accession ceremony at NATO headquarters, officially marking the start of the country’s membership of the military alliance.
    

            “Finland will deposit its instrument of accession to the North Atlantic Treaty with the US State Department in Brussels on Tuesday, 4 April, before the start of the meeting of NATO Ministers of Foreign Affairs. The deposit will be made by Minister for Foreign Affairs Pekka Haavisto,” the presidency said in a statement Monday.
    

            A flag-raising ceremony marking Finland’s accession to NATO will follow. 
    

            Niinistö and NATO Secretary General Jens Stoltenberg will hold a bilateral meeting followed by a press conference and both are expected to deliver remarks at the ceremony. 
    

            Finland submitted a joint application for NATO membership alongside Sweden shortly after Russia invaded Ukraine in February 2022.
    

            While Finland’s membership has been ratified by all member states, Sweden’s bid has been stalled due to opposition from Hungary and Turkey. 
    

            German Vice Chancellor Robert Habeck arrived in Kyiv on Monday, accompanied by a business delegation, to discuss rebuilding Ukraine from the war with Russia.
    

            “The purpose of this trip is to give Ukraine a clear sign that we believe that it will be victorious, that it will be rebuilt, that there is an interest from Europe not only to support in times of need, but also that Ukraine will be an economically strong partner in the future,” Habeck told journalists upon arrival in Kyiv.
    

            This is his first visit to Kyiv since the beginning of Russia’s war in Ukraine over a year ago.
    

            Two independent organizations in Russia have denied any association with the woman alleged to have carried out the bombing in St. Petersburg that killed military journalist and blogger Vladlen Tatarsky on Sunday.
    

            Daria Trepova, the alleged assailant, “has never been a member of our party,” said the Libertarian Party, a small political party in Russia, in a statement Monday. “According to our records, she has never been a supporter of the Libertarian Party either.” 
    

            Her husband, Dmitry Rylov, who is a party member, “has been abroad for a long time and, according to him, has nothing to do with Daria’s alleged actions and was not aware of them,” the organization added, condemning “aggressive violence against civilians.”
    

            Separately, Alexey Navalny’s longtime associate rejected accusations that the jailed opposition leader’s Anti-Corruption Foundation was involved with the explosion.
    

            Russia’s state media RIA Novosti carried a statement Monday from the National Anti Terrorism Committee, saying that the explosion involved agents of the Ukrainian special services and associates of Navalny-founded Anti-Corruption Foundation “of which the detained Daria Trepova is an active supporter.”
    

            “This is a rather idiotic situation. To refute the fact that we did it is idiocy. Obviously, we are not involved in this,” Ivan Zhdanov said, adding that the accusation was an attempt to prolong Navalny’s jail term.
    

            Zhdanov said that it seemed Russia needed “not only an external absolute enemy in the form of Ukraine, but also an internal one in the form of Navalny’s team.”
    

            Ukraine has said little about the attack, beyond blaming in-fighting in Russia.
    

            Russia claims the explosion that killed military journalist Vladlen Tatarsky on Sunday involved agents of the Ukrainian special services and associates of the jailed Russian opposition leader Alexey Navalny.
    

            “The terrorist act committed on April 2 in St. Petersburg against the well-known journalist Vladlen Tatarsky was planned by the special services of Ukraine with the involvement of agents from among persons collaborating with the so-called Anti-Corruption Fund of Navalny, of which the detained Daria Trepova is an active supporter,” Russia’s National Anti Terrorism Committee (NAC) said Monday in a statement carried by state media outlet RIA Novosti.
    

            Earlier Monday, the Russian interior ministry announced Trepova’s arrest in connection with the explosion, which injured at least 32 people.
    

            Ukraine has said little about the attack, beyond blaming in-fighting in Russia. Mykhailo Podolyak, an adviser to the Ukrainian President’s office, wrote on Twitter on Sunday evening: “Spiders are eating each other in a jar. Question of when domestic terrorism would become an instrument of internal political fight was a matter of time.”
    

Some context: Tatarsky was one of Russia’s most outspoken and ultranationalist military bloggers, known for his ardent pro-war commentary and occasional criticism of Moscow’s battlefront failures. 
    

            His hardline views in support of the war were unremittingly hostile towards Ukraine, and made little distinction between civilian and military targets. 
    

            Tatarsky gained prominence after attending a Kremlin ceremony that marked the annexation of four Ukrainian regions — a move dismissed as illegal under international law by Ukraine and Western allies.
    

            “I congratulate everyone, everyone who waited till this moment. We will defeat everyone, we will kill everyone, we will rob everyone we need. Everything will be as we like,” he said in September.
    

            A foreign citizen has been detained in St. Petersburg, Russia, for allegedly committing “indecent acts” against a 15-year-old girl, Russia’s state-run TASS news agency reports, citing the Russian interior ministry press service.
    

            Law enforcement authorities told TASS that the suspect is an American citizen, but did not provide a name.
    

            CNN has reached out to the US State Department for comment but has not heard back.
    

            “Journalists were informed of this on Sunday during a Russian Interior Ministry press service for St. Petersburg and Leningrad Oblast,” TASS said in its report.
    

            “On April 2, 2023, a criminal investigation operative group was formed in light of operational and investigative measures taken to detain a foreign national born in 1986 on suspicion of committing the specified act at a residence on Central Street, 4A, Metallostroy, Kolpinsky district,” the Russian Interior Ministry Press service said, reports TASS.
    

            “The mother of the assaulted girl approached them with a statement that an unknown man committed indecent acts against a child on a bus,” the press service said, according to TASS.
    

            The investigating authorities opened a criminal case according to Part 1 of Article 135 of the Criminal Code of the Russian Federation (Indecent acts).
    

            A Russian-appointed official was injured in a car explosion in the Ukrainian city of Melitopol on Monday, the Ukrainian mayor of the city, Ivan Fedorov, said in a Telegram post. 
    

            The injured person, Maksym Zubarev, is reportedly the head of the Russian-occupied Yakymivka community, located about 30 kilometers (18.6 miles) southwest of Melitopol, Fedorov said. 
    

            According to Ukraine’s Security Service, Zubarev was among the organizers of pseudo-referendums in Russian-occupied territories of Ukraine. 
    

            In September, four Russian-occupied areas of Ukraine staged votes on joining Russia. The polls, which are contrary to international law, paved the way for Russian annexation of the areas.
    

Some context: The occupied city of Melitopol is a hub for Russian forces nearly 100 kilometers (62 miles) from the front lines.
    

            Last week, Ukrainian forces shelled the city causing power supply suspensions and damaging railway infrastructure.
    

            Poland has already delivered “several” MiG-29 fighter aircraft to Ukraine, the Polish president’s foreign affairs adviser Marcin Przydacz said Monday during an interview with Polish radio RMF FM.
    

            Poland announced it would send the aircraft, which were about to be decommissioned by the country’s air force, on March 16.
    

            “When it comes to the MI-29 aircraft, which are still operating in the defense of Polish airspace, a decision has been taken at the highest levels, we can say confidently that we are sending MiGs to Ukraine,” Polish President Andrzej Duda said at the time. 
    

            “We have a dozen or so MiGs that we got in the ’90s handed down from the German Democratic Republic and they are functional and play a part in the defense of our airspace. They are at the end of their operational life but are still functional,” he added.
    

            “We will replace them with deliveries of `south Korean FA-50s and American F-35s,” said Duda.
    

            Ukraine has long pushed for deliveries of fighter jets from its allies. So far only Poland and Slovakia, which has promised to deliver 13 MiG-29 fighter jets, have answered that call.
    

Some context: Warsaw has taken the lead among NATO allies in supplying Kyiv with heavy weapons, and Poland had been one of the most vocal European nations against Russia – even before the invasion of Ukraine. 
    

            Russia is still seen by many in Poland’s political and diplomatic circles in a Cold War context. Russian President Vladimir Putin has always been seen by Warsaw as untrustworthy and Russian expansion is something to be fought against at all costs. 
    

            Ukrainian President Volodymyr Zelensky thanked the Ukrainian military for defending the country, particularly Bakhmut, after fresh claims that the embattled eastern city had fallen to Russian forces.
    

            “I am grateful to our warriors who are fighting near Avdiivka, Maryinka, near Bakhmut … Especially Bakhmut. It’s especially hot there today,” Zelensky said in his evening address Sunday, without elaborating further on the situation in Bakhmut. 
    

            Wagner boss Yevgeny Prigozhin claimed in a short video published Sunday that “in legal terms, Bakhmut has been taken. The enemy is concentrated in the western districts.”
    

            In its operational update Sunday, the Ukrainian military said Russian forces continued to storm Bakhmut but Ukrainian forces were “bravely holding the city and repelling numerous enemy attacks.”
    

            There is no independent evidence to suggest that Wagner now holds Bakhmut. However, its fighters are inside the city limits, as they have been for several weeks.
    

Some background: On March 28, the Commander of Ukrainian Land Forces, Colonel General Oleksandr Syrskyi, said that their main task in Bakhmut was to “deplete the enemy’s overwhelming forces and inflict heavy losses on it.”
    

            “We are now at a time when the enemy, trying to capture Bakhmut, has thrown all its best units in to achieve victory,” said Syrskyi. 
    

            “Our task is to destroy as many enemies as possible and create the conditions for us to launch an offensive.”
    

            A suspect has been detained in connection with the explosion that killed ultranationalist military blogger Vladlen Tatarsky at a cafe in St. Petersburg on Sunday, the Investigative Committee of Russia has said.
    

            Earlier, Daria Trepova had been added to a Russian wanted list as a suspect in connection with the explosion, which injured at least 32 people, state media reported.
    

                    “On suspicion of involvement in the explosion in a cafe in St. Petersburg, employees of the Russian Investigative Committee, together with operational services, detained Darya Trepova,” the Investigative Committee of Russia said on Telegram Monday.
                



            Vladlen Tatarsky, who was killed in an explosion at a cafe in St. Petersburg on Sunday, was one of Russia’s most outspoken and ultranationalist military bloggers, known for his ardent pro-war commentary and occasional criticism of Moscow’s battlefront failures. 
    

            His hardline views in support of the war were unremittingly hostile towards Ukraine, and made little distinction between civilian and military targets. At one point, he wrote: “At least a little distracted from constantly thinking how can we quickly kill all the enemies.”
    

            He made perhaps his most infamous remark last September from inside the Kremlin, as the illegal annexation of four Ukrainian regions was sealed.
    

                    “I congratulate everyone, everyone who waited till this moment. We will defeat everyone, we will kill everyone, we will rob everyone we need. Everything will be as we like,” he said.
                



            Tatarsky’s real name was Maxim Fomin, but he borrowed his alias from the protagonist of the novel “Generation ‘P,” by Russian author Victor Pelevin. 
    

            The character is a failed poet who becomes an ad writer. The novel is set in the early years of Boris Yeltsin’s time as Russian leader and is meant to be a criticism on the corruption and consumerism of the era. 
    

            While an enthusiastic supporter of the Russian invasion, Tatarsky was among a small but influential group of military bloggers sometimes critical of the way the campaign was conducted. Tatarsky later told CNN that he was not criticizing the entirety of what the Kremlin continues to call Russia’s “special military operation” but “individual episodes,” and he still believed Russia would achieve its goals in Ukraine.
    

Read more about Tatarsky here.


            Russia’s Interior Ministry has added a woman to a wanted list as a suspect in connection with Sunday’s St. Petersburg blast.
    

            The woman, identified as Daria Trepova, is wanted “in the murder of military war correspondent Vladlen Tatarsky,” the ministry said in a release which included her mug shots.
    

            Russian media reports previously suggested that Tatarsky may have been killed by a device hidden in a figurine presented to him by a woman before the blast. 
    

            Russian state news media, citing law enforcement agencies and eyewitness accounts, said the woman was attending the event at which Tatarsky was speaking. 
    

            Russian authorities have not yet commented on the reports and CNN is not able to independently verify the claim. 
    

Who is Daria Trepova?: TASS also reports that Trepova was arrested for participating in a rally when Russia invaded Ukraine on February 24, 2022.  
    

            Court records confirm that Trepova was arrested on March 9, 2022 for “Participation of mass simultaneous stay and (or) movement of citizens in public places, resulting in violation of public order,” and sentenced to 10 days in prison. 
    

            According to TASS, law enforcement officers searched Trepova’s place of residence in St. Petersburg on Sunday night, where her sister and mother were also questioned. 
    

            The Libertarian Party of Russia said that while Trepova’s husband Dmitry Rylov was a member of the organization, Trepova had no association with it.
    

            “Daria Trepova was never a member of our political party. Furthermore, we have no information suggesting that she has ever supported the Libertarian Party,” the party said in a statement on Telegram.  
    

            According to the party, Rylov has been residing abroad and claims no involvement in the incident. “He was also unaware of her alleged involvement,” the statement read. 
    

            Trepova was born in February 1997 and lives in St. Petersburg. 
    

            Germany’s Vice Chancellor Robert Habeck arrived in the Ukrainian capital Kyiv on Monday. 
    

                    “The purpose of this trip is to give Ukraine a clear sign that we believe that it will be victorious, that it will be rebuilt, that there is an interest from Europe not only to support in times of need, but also that Ukraine will be an economically strong partner in the future,” Habeck told journalists upon arrival in Kyiv. 
                



            Habeck is being accompanied by a business delegation. 
    

            This is the vice chancellor’s first visit to Kyiv since the beginning of the Russian war against Ukraine on February 24, 2022.
    

Some context: Modern Germany has been reluctant to become involved in international conflicts against the backdrop of post-WWII demilitarization, but the country has adopted an evolving approach to security and military policy in the wake of Moscow’s war on Ukraine.
    

            After months of hesitation, the German government announced in January that it would answer Kyiv’s calls for the high-tech Leopard 2 tanks.
    

            Ukraine’s President Volodymyr Zelensky is expected to visit Poland on April 5, according to a Polish presidential adviser. 
    

            Marcin Przydacz, the Polish President’s foreign affairs adviser, made the announcement during an interview with Polish radio RMF FM on Monday. 
    

            Poland has been one of the most vocal European nations against Russia – even before the invasion of Ukraine. Warsaw has also taken a lead among NATO allies in supplying Kyiv with heavy weapons.
    

            The number of those injured in an explosion at a St. Petersburg café on Sunday has risen to 32, according to Russian state media Ria Novosti, citing the Russian Ministry of Health.
    

            Previously, officials had reported the number of injured was 30. 
    

            Among those wounded, ten are in a serious condition, state media reports.
    

Some context: The explosion killed Russian military blogger Vladlen Tatarsky, according to Russian state news agency TASS and local authorities. Tatarsky died when the blast tore through the cafe where he was appearing as a guest of a pro-war group called Cyber Front Z, which was hosting a regular event. Authorities said they were treating the case as suspected murder.
    

            A well-known Russian military blogger was killed in an explosion at a cafe in St. Petersburg on Sunday, officials said, in what appeared to be an audacious attack on a high-profile pro-Kremlin figure.
    

            Here’s what you need to know.
    

            The head of Russia’s Wagner private military group said they raised a Russian flag over the besieged eastern Ukrainian city of Bakhmut on Sunday in memory of Vladlen Tatarsky, a prominent Russian military blogger who died Sunday following an explosion at a cafe in St. Petersburg. 
    

                    “It’s April 2, 11:00 p.m. We hoisted a Russian flag with the inscription ‘To the good memory of Vladlen Tatarsky’ and the Wagner PMC flag over the city administration of Bakhmut,” Yevgeny Prigozhin, head of the Wagner group, said in a video statement released on the official Telegram channel of his holding company Concord.
                



            The video was purportedly from Bakhmut, but CNN could not immediately confirm the location where Prigozhin recorded the message, holding a flag that was indistinct in the darkness.
    

            In the short video Prigozhin also claimed, “In legal terms, Bakhmut has been taken.” 
    

            “The enemy is concentrated in the western districts,” he added. 
    

            The Ukrainian military pushed back on those claims in its Sunday operational note, saying that “the enemy continues to storm Bakhmut. However, our defenders are bravely holding the city and repelling numerous enemy attacks.”
    

            There is no independent evidence to suggest that Wagner now holds Bakhmut, but its fighters are inside the city limits, as they have been for several weeks.
    

An explosion at a St. Petersburg cafe on Sunday wounded at least 30 people and resulted in the death of prominent Russian military blogger Vladlen Tartarsky, Russian state media reported. Little is yet known about the blast, but officials in both Moscow and Kyiv have their own theories about the motivation behind the attack. 
    

If you’re just now catching up, here’s what else you should know:


            The number of people wounded in Sunday’s explosion at a cafe in St. Petersburg, Russia, has increased to 30.
    

                    “24 victims were taken to medical facilities in St. Petersburg from the scene. Six more victims sought medical help on their own some time after the incident,” TASS reported, citing the press service of the Russian Ministry of Health.
                



            No official evidence has yet been presented about who carried out the deadly attack at a St. Petersburg cafe Sunday, but officials in both Russia and Ukraine have already suggested they know who was behind the attack.
    

Russian Foreign Ministry spokesperson Maria Zakharova said it was an example of growing threats against Russian journalists on the part of the Ukrainian government. She claimed Russians face “threats of reprisal from the Kyiv regime.”
    

            Zakharova decried Western countries and international organizations, who she said had not expressed “elementary human sympathy” since Tatarsky’s death. And she said the blogger had provided invaluable information about what was happening in Ukraine, making him “dangerous” and “hated” in Kyiv.
    

            (Zakharova’s claims come days after American journalist Evan Gershkovich was detained in Russia on espionage charges, which the US and his employer — the Wall Street Journal — have dismissed as false.)
    

A Ukrainian presidential official, meanwhile, suggested the killing was due to in-fighting in Russia.
    

            Mykhailo Podolyak, an adviser to President Volodymyr Zelensky’s office, wrote on Twitter: “Spiders are eating each other in a jar. Question of when domestic terrorism would become an instrument of internal political fight was a matter of time.”
    

            A well-known Russian military blogger, Vladlen Tatarsky, was killed in an explosion at a cafe in St. Petersburg on Sunday, authorities said.
    

            There are several prominent bloggers like Tatarsky who cover Russia’s war in Ukraine for followers on online platforms like Telegram. Some have amassed followings of hundreds of thousands of people.
    

            While Tatarsky was ardently pro-war, he also issued criticism of setbacks in Moscow’s campaign — a fairly rare phenomenon in the Russian public sphere.
    

Background and combat experience: Tatarsky’s real name was Maxim Fomin.
    

            In 2014, Tatarsky took part in fighting alongside Russian forces in the Donbas region of eastern Ukraine, according to Russian state news agency Vesti, citing public sources, when Putin’s fighters first invaded the country.
    

            Tatarsky created his Telegram channel in 2019, naming it in honor of the protagonist of Victor Pelevin’s novel “Generation ‘P,’” according to Vesti. He went on to write several books.
    

            Tatarsky supported the war in Ukraine. He gained popularity online by providing analysis and commentary during Russia’s invasion.
    

Rare criticism: Tatarsky had more than half a million followers on Telegram, and while he was aggressively pro-war, he was sometimes critical of Russian setbacks in Ukraine.
    

            Public criticism of Moscow’s war is uncommon in Russia.
    

            In May last year, he told CNN that he was not criticizing the overall operation, rather “individual episodes,” and that he still believed Russia would achieve its goals in Ukraine.
    

            Nevertheless, he called for broad change in response to the halting progress of Moscow’s invasion.
    

            “All the areas need to be improved,” he said. “Each war reveals some drawbacks, shortcomings, or false experiences, experiences that need to be adjusted to the modern realities. So absolutely all spheres need reform.”
    

            Tatarsky gained prominence after attending a Kremlin ceremony that marked the annexation of four Ukrainian regions (a move dismissed as illegal under international law by Ukraine and Western allies).
    

            Sunday marked the first anniversary for Ukraine’s Kyiv region of expelling Russian forces from its various cities and towns, officials there said in a Telegram post.
    

            The Kyiv region, surrounding Ukraine’s capital city, was one of the first areas to take the brunt of Russia’s invasion in 2022.
    

            “The enemy was coming to the Ukrainian capital from the north, bringing death and destruction,” the Kyiv region’s military administration said. 
    

            Fighting lasted more than a month, and fifteen communities across several districts in the region were occupied by Russian forces.
    

                    “The Defense Forces gave a worthy repulse to the enemy, and already on April 2, 2022, Ukrainians learned that Kyiv Region was freed from the invader,” officials said in their post Sunday. “We will always remember the heroic resistance of the Armed Forces, territorial defenders, local residents who stood side by side with the military to protect the state.”
                



            “The liberation of Kyiv Region became a symbol that Ukraine will be able to win this war,” the regional administration said.
    

            “We liberated the north of the country - let’s liberate all of Ukraine,” it added. 
    

More background: Kyiv region has seen some of the worst atrocities committed by Russian forces since the start of the war. The town of Bucha, which was under Russian occupation for 33 days, has become a symbol of the most horrific crimes committed against the civilian population.
    

            More than 1,400 deaths, including 37 children, have been documented in Bucha, President Volodymyr Zelensky said Friday, when the town marked its own liberation from Russian occupation last year.
    

            “We will never forgive. We will punish every perpetrator,” he said.
    

            Six people have died and at least eight have been injured as a result of Russian shelling in the town of Kostiantynivka Sunday morning, according to Andrii Yermak, head of the Ukrainian presidential office. 
    

            “The enemy made two strikes with S-300 and fired four salvo with Uragan multiple launch rocket system,” Yermak said.
    

            Sixteen apartment buildings, eight private houses, a kindergarten, the local state tax inspection building, gas pipes and three cars were damaged, he said. 
    

            “Multi-storey buildings and private residential houses were heavily damaged,” Pavlo Kyrylenko, head of Donetsk region military administration, said.
    

            At least five other people have been injured in the Donetsk region Sunday morning: three people in Toretsk and two in Bakhmut, Kyrylenko also said.
    

Some context: The worst of the fighting on the ground is focused in eastern Ukraine after Russia failed to make major gains elsewhere.
    

            Authorities in the eastern town of Avdiivka said this week that it is being “wiped off the face of the earth” as it comes under “almost non-stop” fire.
    

            Avdiivka is located about 25 kilometers (15 miles) north of the city of Donetsk.
    

            Fighting has also centered around the eastern city of Bakhmut, where Russian forces are said to be depleted and a Ukrainian counteroffensive could soon be launched.",1
"Editor’s Note: Call to Earth is a CNN editorial series committed to reporting on the environmental challenges facing our planet, together with the solutions. Rolex’s Perpetual Planet initiative has partnered with CNN to drive awareness and education around key sustainability issues and to inspire positive action.


            Originally a term used by trophy hunters in Africa, the “Big Five” described the animals most challenging to shoot and kill: the lion, elephant, leopard, rhino, and buffalo. Nowadays, it is more loosely used to refer to some of Africa’s largest and most iconic animals. 
    

            However, British photographer Graeme Green has reclaimed the narrative, creating a global “New Big Five” for wildlife photography. In 2021, 50,000 people around the world voted for the five animals they would most like to photograph, or see photographed, in the wild. Five animals were crowned the winners: the elephant, polar bear, lion, gorilla and tiger. 
    

            This week, sees the publication of “The New Big 5” photography book, which features images of those animals and other at-risk wildlife, from photography legends such as Ami Vitale, Steve McCurry and Paul Nicklen, and essays from famous conservationists and activists including like Jane Goodall and Paula Kahumbu. 
    

            Green says that the book celebrates wildlife and is a global call to action on issues impacting wildlife, including habitat loss, poaching, pollution and climate change. 
    

            Green was on assignment in Botswana at least a decade ago when he came up with the idea for a project to encourage people to “shoot with a camera, not a gun,” he says.
    

            “I thought this would be a way to get people really focusing on wildlife, thinking about the wildlife they love, thinking about the animals that are at risk.”
    

Related article
Ten photographs that made the world wake up to climate change


            In total, the book includes the work of 144 globally renowned wildlife photographers from Ecuador to India. Curating the images took nearly two years of work, says Green.
    

            “I think these are some of the most beautiful and creative images that I’ve seen put together in one book,” says Green. “These are the species that we are at risk of losing.”
    

            According to the UN, nature is declining at an unprecedented rate, with around one million of the planet’s animal and plant species facing extinction. The “New Big 5,” all of which are threatened, act as ambassadors for what is happening in the natural world, says Green. 
    

            As well as being a powerful reminder of what we stand to lose, the book also points people towards potential solutions. Featured essays explore the benefits of rewilding and the importance of indigenous communities in conservation.
    

            A chapter on endangered species from bees to blue whales illustrates the alarming threat climate change poses to animals outside of the “New Big 5.” “That’s only the tip of the iceberg – I could have included thousands of pictures because that’s how serious the situation is,” says Green. 
    

Related article
Why a wildlife photographer took 40,000 photos to capture these extraordinary birds


            Jane Goodall, a leading conservationist who also wrote the afterword to the book, said in a press release that “we have a window of time during which we can start to heal some of the harm we have inflicted on the natural world, but only if we get together and take action now.
    

            “I hope the photos will lead people into the wonderful worlds of these iconic species. Then, perhaps, other people will become involved in helping to create a world where wildlife can flourish for future generations to enjoy,” she said.
    

“The New Big 5: A Global Photography Project For Endangered Wildlife,” by Graeme Green, published by Earth Aware Editions, is on sale from April 4, 2023.


This story has been updated to reflect the range of issues covered by the book.

© 2025 Cable News Network. A Warner Bros. Discovery Company. All Rights Reserved.  CNN Sans ™ & © 2016 Cable News Network.",1
"Markets 



Hot Stocks 



Fear & Greed Index 




            Latest Market News 




            Hot Stocks 




            China has launched a cybersecurity probe into Micron Technology, one of America’s largest memory chip makers, in apparent retaliation after US allies in Asia and Europe announced new restrictions on the sale of key technology to Beijing.
    

            The Cyberspace Administration of China (CAC) will review products sold by Micron in the country, according to a statement by the watchdog late on Friday.
    

            The move is aimed at “ensuring the security of key information infrastructure supply chains, preventing cybersecurity risks caused by hidden product problems, and maintaining national security,” it noted.
    

            It came on the same day that Japan, a US ally, said it would restrict the export of advanced chip manufacturing equipment to countries including China, following similar moves by the United States and the Netherlands.
    

            Washington and its allies have announced curbs on China’s semiconductor industry, which strike at the heart of Beijing’s bid to become a tech superpower.
    

            Last month, the Netherlands also unveiled new restrictions on overseas sales of semiconductor technology, citing the need to protect national security. In October, the United States banned Chinese companies from buying advanced chips and chipmaking equipment without a license.
    

            Micron told CNN it was aware of the review.
    

            “We are in communication with the CAC and are cooperating fully,” it said, adding that it stands by the security of its products. “Micron’s product shipments, engineering, manufacturing, sales and other functions are operating as normal.” 
    

            Shares in Micron sank 4.4% on Wall Street Friday following the news, the biggest drop in more than three months. On Monday, they closed another 1.2% lower. Micron derives more than 10% of its revenue from China.
    

            In an earlier filing, the Idaho-based company had warned of such risks. 
    

            “The Chinese government may restrict us from participating in the China market or may prevent us from competing effectively with Chinese companies,” it said last week.
    

Related article
Japan joins the US and Europe in chipmaking curbs on China


            China has strongly criticized restrictions on tech exports, saying last month it “firmly opposes” such measures.
    

            In efforts to boost growth and job creation, Beijing is seeking to woo foreign investments as it grapples with mounting economic challenges. The newly minted premier Li Qiang and several top economic officials have been rolling out the welcome wagon for global CEOs and promising they would “provide a good environment and services.”
    

            But Beijing has also exerted growing pressure on foreign companies to bring them into line with its agenda. 
    

            Last month, authorities closed the Beijing office of Mintz Group, a US corporate intelligence firm, and detained five local staff.
    

            Days earlier, they suspended Deloitte’s operations in Beijing for three months and imposed a fine of $31 million over alleged lapses in its work auditing a state-owned distressed debt manager.
    

  CNN’s Michelle Toh, Junko Ogura, Sandi Sidhu and Chris Lau contributed to the article. 

Most stock quote data provided by BATS. US market indices are shown in real time, except for the S&P 500 which is refreshed every two minutes. All times are ET. Factset: FactSet Research Systems Inc. All rights reserved. Chicago Mercantile: Certain market data is the property of Chicago Mercantile Exchange Inc. and its licensors. All rights reserved. Dow Jones: The Dow Jones branded indices are proprietary to and are calculated, distributed and marketed by DJI Opco, a subsidiary of S&P Dow Jones Indices LLC and have been licensed for use to S&P Opco, LLC and CNN. Standard & Poor’s and S&P are registered trademarks of Standard & Poor’s Financial Services LLC and Dow Jones is a registered trademark of Dow Jones Trademark Holdings LLC. All content of the Dow Jones branded indices Copyright S&P Dow Jones Indices LLC and/or its affiliates. Fair value provided by IndexArb.com. Market holidays and trading hours provided by Copp Clark Limited.
© 2025 Cable News Network. A Warner Bros. Discovery Company. All Rights Reserved.  CNN Sans ™ & © 2016 Cable News Network.",1
"Markets 



Hot Stocks 



Fear & Greed Index 




            Latest Market News 




            Hot Stocks 




            The British pound crashed to a record low last fall as investors rebelled against budget plans by former Prime Minister Liz Truss. Now, it’s enjoying a comeback.
    

            Sterling hit its highest level against the US dollar in 10 months on Tuesday, topping $1.25 for the first time since June 2022. The pound, which has advanced about 3.3% versus the greenback since the start of 2023, is the best-performing currency among developed economies this year.
    

            The UK currency has been boosted by indications the country’s economy is holding up better than expected. Activity is now thought to have expanded 0.1% in the final three months of last year, up from a previous estimate of no growth at all. Gross domestic product growth in January has been estimated at 0.3% after dropping 0.5% in December.
    

            This resilience is bolstering expectations the Bank of England will maintain aggressive interest rate hikes despite concerns about the health of the global banking sector. Rising rates can boost the domestic currency because they help attract foreign investors searching for higher returns.
    

            Inflation in the United Kingdom also jumped to an annual rate of 10.4% in February, underscoring the need for the Bank of England to maintain its tough approach.
    

            The pound plunged close to $1.03 in September 2022 after the Truss government unveiled plans to boost borrowing while slashing taxes, unleashing panic in financial markets that fueled fears of a recession in the United Kingdom. 
    

            The International Monetary Fund predicted in January that the UK economy would contract by 0.6% this year, while all other advanced economies would grow, if only slightly. 
    

            “There was a lot of pessimism being priced into the pound,” said Francesco Pesole, a currency strategist at ING. 
    

            But the sharp pullback in energy prices and China’s reopening have provided some relief about the economic outlook since the start of the year.
    

            “There was a big re-rating of growth expectations around Europe, and that impacted the UK,” Pesole said.
    

            The euro has also been lifted by these dynamics, rising 2.3% against the US dollar in 2023. The pound’s rally has been sharper in large part because its 2022 declines were more severe, according to Pesole.
    

            Both currencies have been aided by the greenback’s sharp drop from highs reached last September as recession fears have percolated in the United States. 
    

            A lack of clarity around the Federal Reserve’s next steps has also restrained the dollar in recent weeks. Investor speculation has increased that the Fed could pause or stop rate hikes due to concerns about the economy following the failure of Silicon Valley Bank last month.
    

            Jordan Rochester, a currency strategist at Nomura, said he thinks the pound could rise to $1.30 this year and “potentially higher.” But he still sees risks given the uncertainty surrounding the Bank of England’s plans and how rate rises will feed back through the country’s economy. And Pesole cautioned that currency fluctuations are often overdone when markets are choppy, as they are now.
    

            “In a volatile market environment, moves are exacerbated,” he said.
    
Most stock quote data provided by BATS. US market indices are shown in real time, except for the S&P 500 which is refreshed every two minutes. All times are ET. Factset: FactSet Research Systems Inc. All rights reserved. Chicago Mercantile: Certain market data is the property of Chicago Mercantile Exchange Inc. and its licensors. All rights reserved. Dow Jones: The Dow Jones branded indices are proprietary to and are calculated, distributed and marketed by DJI Opco, a subsidiary of S&P Dow Jones Indices LLC and have been licensed for use to S&P Opco, LLC and CNN. Standard & Poor’s and S&P are registered trademarks of Standard & Poor’s Financial Services LLC and Dow Jones is a registered trademark of Dow Jones Trademark Holdings LLC. All content of the Dow Jones branded indices Copyright S&P Dow Jones Indices LLC and/or its affiliates. Fair value provided by IndexArb.com. Market holidays and trading hours provided by Copp Clark Limited.
© 2025 Cable News Network. A Warner Bros. Discovery Company. All Rights Reserved.  CNN Sans ™ & © 2016 Cable News Network.",1
© 2025 Cable News Network. A Warner Bros. Discovery Company. All Rights Reserved.  CNN Sans ™ & © 2016 Cable News Network.,1
"Scientists in Germany say they’ve been able to make a nasal vaccine that can shut down a Covid-19 infection in the nose and throat, where the virus gets its first foothold in the body.
    

            In experiments in hamsters, two doses of the vaccine – which is made with a live but weakened form of the coronavirus that causes Covid-19 – blocked the virus from copying itself in the animals’ upper airways, achieving “sterilizing immunity” and preventing illness, a long-sought goal of the pandemic.
    

Related article
WHO experts revise Covid-19 vaccine advice, say healthy kids and teens low risk


            Although this vaccine has several more hurdles to clear before it gets to a doctor’s office or drug store, other nasal vaccines are in use or are nearing the finish line in clinical trials. 
    

            China and India both rolled out vaccines given through the nasal tissues last fall, though it’s not clear how well they may be working.  Studies on the effectiveness of these vaccines have yet to be published, leaving much of the world to wonder whether this approach to protection really works in people.
    

            The US has reached something of a stalemate with Covid-19. Even with the darkest days of the pandemic behind us, hundreds of Americans are still dying daily as the infection continues to simmer in the background of our return to normal life.  
    

            As long as the virus continues to spread among people and animals, there’s always the potential for it mutate into a more contagious or more damaging version of itself.  And while Covid infections have become manageable for most healthy people, they may still pose a danger to vulnerable groups such as the elderly and immunocompromised.  
    

            Researchers hope next-generation Covid-19 vaccines, which aim to shut down the virus before it ever gets a chance to make us sick and ultimately prevent the spread of infection, could make our newest resident respiratory infection less of a threat.
    

Related article
China approves its first mRNA Covid-19 vaccine 


            One way scientists are trying to do that is by boosting mucosal immunity, beefing up immune defenses in the tissues that line the upper airways, right where the virus would land and begin to infect our cells.   
    

            It’s a bit like stationing firefighters underneath the smoke alarm in your house, says study author Emanuel Wyler, a scientist at the Max Delbruck Center for Molecular Medicine in the Helmholtz Association in Berlin.  
    

            The immunity that’s created by shots works throughout the body, but it resides primarily in the blood. That means it may take longer to mount a response.
    

            “If they are already on site, they can immediately eliminate the fire, but if they’re like 2 miles away, they first need to drive there, and by that time, one-third of the house is already in full flames,” Wyler said.
    

            Mucosal vaccines are also better at priming a different kind of first responder than injections do.  They do a better job of summoning IgA antibodies, which have four arms to grab onto invaders instead of the two arms that the y-shaped IgG antibodies have.  Some scientists think IgA antibodies may be less picky about their targets than IgG antibodies, which makes them better equipped to deal with new variants.
    

            The new nasal vaccine takes a new approach to a very old idea: weakening a virus so it’s no longer a threat and then giving it to people so their immune systems can learn to recognize and fight it off. The first vaccines using this approach date to the 1870s, against anthrax and rabies.  Back then, scientists weakened the agents they were using with heat and chemicals.  
    

            The researchers manipulated the genetic material in the virus to make it harder for cells to translate. This technique, called codon pair deoptimization, hobbles the virus so it can be shown to the immune system without making the body sick.
    

            “You could imagine reading a text … and every letter is a different font, or every letter is a different size, then the text is much harder to read. And this is basically what we do in codon pair deoptimization,” Wyler said.
    

            In the hamster studies, which were published Monday in the journal Nature Microbiology, two doses of the live but weakened nasal vaccine created a much stronger immune response than either two doses of an mRNA-based vaccine or one that uses an adenovirus to ferry the vaccine instructions into cells.
    

            The researchers think the live weakened vaccine probably worked better because it closely mimics the process of a natural infection.  
    

            The nasal vaccine also previews the entire coronavirus for the body, not just its spike proteins like current Covid-19 vaccines do, so the hamsters were able to make immune weapons against a wider range of targets.
    

            As promising as all this sounds, vaccine experts say caution is warranted.  This vaccine still has to pass more tests before it’s ready for use, but they say the results look encouraging.
    

Related article
Health officials consider another round of bivalent boosters for the most vulnerable Americans


            “They did a very nice job. This is obviously a competent and thoughtful team that did this work, and impressive in the scope of what they did. Now it just needs to be repeated,” perhaps in primates and certainly in humans before it can be widely used, said Dr. Greg Poland, who designs vaccines at the Mayo Clinic. He was not involved in the new research.
    

            The study began in 2021, before the Omicron variant was around, so the vaccine tested in these experiments was made with the original strain of the coronavirus.  In the experiments, when they infected animals with Omicron, the live but weakened nasal vaccine still performed better than the others, but its ability to neutralize the virus was diminished.  Researchers think it will need an update.
    

            It also needs to be tested in humans, and Wyler says they’re working on that.  The scientists have partnered with a Swiss company called RocketVax to start phase I clinical trials.
    

            Other vaccines are further along, but the progress has been “slow and halting,” Poland said.  Groups working on these vaccines are struggling to raise the steep costs of getting a new vaccine to market, and they’re doing it in a setting where people tend to think the vaccine race has been won and done.  
    

            In reality, Poland said, we’re far from that.  All it would take is another Omicron-level shift in the evolution of the virus, and we could be back at square one, with no effective tools against the coronavirus.
    

            “That’s foolish. We should be developing a pan-coronavirus vaccine that does induce mucosal immunity and that is long-lived,” he said.
    

            At least four nasal vaccines for Covid-19 have reached late-stage testing in people, according to the World Health Organization’s vaccine tracker.  
    

            The nasal vaccines in use in China and India rely on harmless adenoviruses to ferry their instructions into cells, although effectiveness data for these has not been published.
    

            Two other nasal vaccines are finishing human studies.  
    

Related article
Covid vaccine maker Novavax says it may not survive


            One, a recombinant vaccine that can be produced cheaply in chicken eggs, the same way many flu vaccines are, is being put through its paces by researchers at Mount Sinai in New York City.
    

            Another, like the German vaccine, uses a live but weakened version of the virus.  It’s being developed by a company called Codagenix.  Results of those studies, which were carried out in South America and Africa, may come later this year.
    

            The German team says it’s eagerly watching for the Codagenix data.
    

            “They will be very important in order to know where whether this kind of attempt is basically promising or not,” Wyler said.
    

            They have reason to worry.  Respiratory infections have proved to be tough targets for inhaled vaccines.
    

            FluMist, a live but weakened form of the flu virus, works reasonably well in children but doesn’t help adults as much. The reason is thought to be that adults already have immune memory for the flu, and when the virus is injected into the nose, the vaccine mostly boosts what’s already there.
    

Sign up here to get The Results Are In with Dr. Sanjay Gupta every Tuesday from the CNN Health team.
    

            Still, some of the most potent vaccines such as the vaccine against measles, mumps and rubella use live attenuated viruses, so it’s a promising approach.
    

            Another consideration is that live vaccines can’t be taken by everyone.  People with very compromised immunity are often cautioned against using live vaccines because even these very weakened viruses may be risky for them.
    

            “Although it’s strongly attenuated, it’s still a real virus,” Wyler said, so it would have to be used carefully.
    
© 2025 Cable News Network. A Warner Bros. Discovery Company. All Rights Reserved.  CNN Sans ™ & © 2016 Cable News Network.",1
